TIME,30.0463,30.3998,30.7617,31.1323,31.512,31.901,32.2998,32.7087,33.128,33.5582,33.9998,34.4531,34.9187,35.397,35.8887,36.3941,36.9141,37.449,37.9998,38.5669,39.1513,39.7536,40.3748,41.0156,41.6772,42.3604,43.0664,43.7963,44.5515,45.3331,46.1426,46.9815,47.8516,48.7544,49.692,50.6664,51.6797,52.7344,53.833,54.9784,56.1736,57.4219,58.7269,60.0927,61.5234,63.024,64.5996,66.256,67.9996,69.8374,71.7773,73.8281,75.9995,78.3026,80.7495,83.3543,86.1328,89.1029,92.2852,95.7031,99.384,103.359,107.666,112.347,117.454,123.047,129.199,135.999,143.555,151.999,161.499,172.266,184.57,198.768,215.332,234.908,258.398,287.109,322.998,369.141,430.664
0.000000000,0.111962,0.137864,0.126549,0.0602425,1.92568,9.35481,5.4464,0.140819,0.11066,0.154191,0.250028,0.328666,0.113386,0.0447184,0.818009,5.37051,3.51575,0.0618323,0.0330389,0.0563369,0.136055,0.176236,0.0604148,0.030956,0.698241,6.63191,5.83027,0.346917,0.0514599,0.183833,0.422582,0.472461,0.181047,0.0292874,0.297456,4.10217,4.32469,0.229161,0.029738,0.0548857,0.0958802,0.0961673,0.124448,0.181263,0.363626,6.3351,8.32016,1.1519,0.1169,0.139523,0.214696,0.367577,0.210454,0.0635851,0.160357,3.02687,4.85727,0.5242,0.011777,0.0454795,0.150586,0.135639,0.041735,0.0607243,0.0500148,3.74476,7.75882,1.65452,0.0202313,0.130846,0.463431,0.489555,0.257747,0.0589093,0.0140479,1.73191,4.97209,1.08948,0.0103272,0.0766212,0.0845547
1.486077098,0.205654,0.137864,0.126549,0.0602425,2.20875,11.0038,6.42919,0.179243,0.190541,0.422762,0.449635,0.328666,0.113386,0.0447184,0.871431,6.11942,4.1343,0.076511,0.0330389,0.0825417,0.194248,0.176236,0.0604148,0.030956,0.853859,8.41276,7.50763,0.482142,0.0514599,0.183833,0.422582,0.472461,0.181047,0.0292874,0.303057,4.82621,5.20588,0.298683,0.029738,0.0548857,0.0958802,0.0961673,0.124448,0.181263,0.381575,7.76339,10.2678,1.47999,0.1169,0.139523,0.214696,0.367577,0.210454,0.0635851,0.160357,3.70908,5.85156,0.727504,0.011777,0.0454795,0.150586,0.135639,0.041735,0.0607243,0.0500148,4.98763,9.92614,2.26399,0.0202313,0.130846,0.463431,0.489555,0.257747,0.0589093,0.0140479,2.29684,6.07644,1.46468,0.0103272,0.0766212,0.0845547
2.972154195,0.205654,0.137864,0.126549,0.0602425,2.31693,12.4818,7.15096,0.195557,0.190541,0.427734,0.449635,0.328666,0.113386,0.0447184,0.895336,6.81324,4.46687,0.0837234,0.0349992,0.136078,0.229574,0.176236,0.0604148,0.030956,0.901538,9.46275,8.22831,0.602323,0.0795161,0.373743,0.592785,0.472461,0.181047,0.0292874,0.310189,5.25109,5.44509,0.302622,0.030135,0.128248,0.201098,0.0961673,0.124448,0.181263,0.43605,8.66385,11.1454,1.61246,0.125272,0.327386,0.425575,0.381389,0.210454,0.0635851,0.160357,4.01057,6.36474,0.760658,0.011777,0.124517,0.285206,0.14,0.041735,0.0607243,0.0702015,5.55057,11.0028,2.3178,0.0202313,0.271076,0.728132,0.589455,0.257747,0.0589093,0.0140479,2.45369,6.78817,1.5022,0.0103272,0.0766212,0.130565
4.458231293,0.238604,0.206384,0.152367,0.0602425,2.67901,13.6607,7.89972,0.195557,0.190548,0.457373,0.522442,0.447106,0.175084,0.0447184,0.909838,6.89428,4.60384,0.0837234,0.0441506,0.185628,0.301737,0.374313,0.225775,0.0322775,1.06277,10.0568,8.83268,0.603574,0.121647,0.547506,0.769467,0.616985,0.298116,0.0336302,0.320567,5.42067,5.86186,0.307785,0.030135,0.128248,0.201098,0.27105,0.362922,0.241925,0.469419,9.01346,11.8344,1.67654,0.157029,0.48871,0.628701,0.429278,0.255971,0.0665204,0.16305,4.23562,6.88144,0.821947,0.011777,0.124518,0.289269,0.305078,0.278421,0.139668,0.0756207,5.95337,12.0788,2.54412,0.0202313,0.272331,0.731739,0.658019,0.342947,0.0839259,0.0140479,2.60194,7.23906,1.59634,0.0103272,0.0824023,0.143645
5.944308390,0.265832,0.260537,0.175776,0.0602425,2.77775,14.7662,8.47415,0.202051,0.190548,0.488395,0.557792,0.526185,0.209056,0.0458334,0.922967,7.60628,5.02306,0.0896713,0.0441506,0.218605,0.309571,0.558571,0.367845,0.0595811,1.06622,10.7216,9.35899,0.637626,0.121647,0.702045,0.931995,0.723128,0.376627,0.0492189,0.329379,5.95689,6.34576,0.334319,0.030135,0.128294,0.206661,0.458581,0.577991,0.300307,0.472479,9.75391,12.75,1.84348,0.157029,0.48871,0.630475,0.43462,0.257784,0.0665204,0.164998,4.62256,7.38284,0.900481,0.0140031,0.172945,0.389909,0.453292,0.487674,0.20277,0.0763704,6.39465,12.8764,2.82489,0.0209117,0.355296,0.922993,0.675877,0.380225,0.0972708,0.0144855,2.70421,7.68792,1.62493,0.0103272,0.108373,0.209071
7.430385488,0.301892,0.331531,0.175776,0.0602425,3.14117,16.0689,9.2699,0.202051,0.190548,0.535896,0.584207,0.575008,0.2354,0.0458334,1.02928,8.22531,5.49734,0.0896713,0.0441506,0.284613,0.367148,0.731409,0.493232,0.0595811,1.2478,11.7086,10.2712,0.637626,0.121647,0.707151,0.948591,0.78994,0.452348,0.0492189,0.354791,6.42357,6.92628,0.334319,0.030135,0.137147,0.238197,0.607241,0.764092,0.300307,0.509622,10.2141,13.4482,1.84348,0.157029,0.629092,0.83882,0.442703,0.257784,0.0665204,0.1665,4.92256,7.97442,0.905897,0.0140031,0.209963,0.502051,0.518221,0.671023,0.20277,0.0763704,6.77419,13.6987,2.96037,0.0209117,0.41949,1.11873,0.685939,0.433949,0.0972708,0.0144855,3.01162,8.50667,1.77547,0.0103272,0.110969,0.282201
8.916462585,0.409481,0.394298,0.177709,0.0602425,3.35396,17.51,10.2279,0.236511,0.190548,0.541363,0.594099,0.601907,0.240318,0.0458334,1.0726,8.74123,5.95533,0.0999599,0.0441506,0.301066,0.42944,0.912193,0.643617,0.0595811,1.26657,12.5659,11.1059,0.707664,0.121647,0.871558,1.08077,0.86161,0.527715,0.0492189,0.358696,6.8519,7.36963,0.388684,0.030135,0.148012,0.258813,0.715886,0.947228,0.30789,0.509622,10.979,14.3244,1.9821,0.157029,0.788342,1.04226,0.526118,0.274567,0.0665204,0.1665,5.31998,8.53971,1.01776,0.0140031,0.273206,0.587638,0.638048,0.859892,0.23264,0.0763704,7.51817,14.8335,3.27072,0.0209117,0.523177,1.31044,0.79784,0.504547,0.103251,0.0144855,3.34703,9.10614,2.01455,0.0103272,0.132538,0.357004
10.402539683,0.409481,0.394298,0.177709,0.0602425,3.45707,18.9648,10.9091,0.251281,0.190548,0.594456,0.647049,0.617763,0.249498,0.0458334,1.10099,9.29708,6.20322,0.103027,0.0499843,0.354141,0.483308,0.917412,0.645844,0.0595811,1.31132,13.6011,11.8899,0.812411,0.148609,1.05101,1.23834,0.867891,0.527911,0.0492189,0.373099,7.23722,7.70073,0.392475,0.030135,0.162771,0.30401,0.715886,0.947228,0.30789,0.559586,11.8457,15.3396,2.11404,0.163739,0.950352,1.20766,0.546439,0.289761,0.0665204,0.167569,5.55379,8.95607,1.05293,0.0140031,0.341008,0.702071,0.640927,0.867557,0.23264,0.0923909,8.02219,15.8967,3.34387,0.0209117,0.653255,1.54596,0.882726,0.52242,0.104022,0.0144855,3.4756,9.60665,2.05197,0.0103272,0.135597,0.409252
11.888616780,0.437152,0.456934,0.201762,0.0602425,3.80673,20.0904,11.6237,0.251281,0.191497,0.626709,0.714979,0.712608,0.299827,0.0458334,1.11522,9.39221,6.35512,0.103027,0.0606217,0.401161,0.538631,1.08963,0.799012,0.0618104,1.46947,14.1817,12.4711,0.814674,0.192027,1.21617,1.39406,0.985338,0.619318,0.0511061,0.383426,7.41495,8.11265,0.396253,0.030135,0.162771,0.30401,0.871254,1.15977,0.362723,0.591827,12.2037,16.0062,2.17688,0.19409,1.09938,1.38628,0.583481,0.319288,0.0666434,0.171645,5.77401,9.41921,1.10346,0.0140031,0.341101,0.705051,0.785637,1.08633,0.309638,0.0960074,8.41401,16.9343,3.5661,0.0209117,0.654302,1.54841,0.940972,0.593793,0.125701,0.0144855,3.61296,10.0165,2.14056,0.0103272,0.139871,0.416625
13.374693878,0.460418,0.499978,0.179582,0.0437552,3.57183,20.0202,11.3638,0.246144,0.153259,0.62812,0.749571,0.772587,0.313732,0.0407371,1.03628,9.67124,6.36744,0.106782,0.0565019,0.433797,0.544622,1.24864,0.912982,0.0826456,1.41834,14.379,12.3898,0.74099,0.179961,1.34643,1.54238,1.07842,0.684121,0.0639709,0.36288,7.59567,8.03305,0.37928,0.0276208,0.146673,0.30401,1.03383,1.30481,0.366258,0.542912,12.209,15.8727,2.11479,0.155037,1.05272,1.38628,0.583481,0.301673,0.0603825,0.162509,5.88003,9.45041,1.09787,0.0150374,0.383208,0.788106,0.914095,1.26418,0.35586,0.093269,8.51266,17.0262,3.59906,0.0221213,0.731182,1.70043,0.94849,0.622943,0.137667,0.01383,3.48941,9.9226,1.96036,0.00669527,0.150538,0.46043
14.860770975,0.490975,0.562539,0.141145,0.0208186,3.89456,20.692,11.8347,0.223576,0.124026,0.666657,0.774143,0.814122,0.319565,0.0386339,1.12773,9.82913,6.56054,0.0934109,0.0498817,0.480701,0.589726,1.40696,1.01263,0.0734178,1.5844,14.8101,12.8485,0.709525,0.167669,1.3459,1.55518,1.13595,0.733171,0.0613784,0.383414,7.69612,8.28764,0.359632,0.0276208,0.153629,0.328502,1.1659,1.43451,0.317362,0.565291,12.1988,15.9703,2.04719,0.155037,1.18079,1.57495,0.591923,0.291762,0.050884,0.159553,5.90902,9.59227,1.05078,0.0131939,0.41048,0.890158,0.972926,1.42825,0.338537,0.0895725,8.63454,17.2395,3.64472,0.0190844,0.774853,1.87622,0.958629,0.66246,0.128468,0.0119023,3.69009,10.3335,2.06684,0.00443534,0.137693,0.521925
16.346848073,0.538618,0.562539,0.116505,0.00186927,3.73957,20.8277,11.9546,0.240204,0.0946739,0.668752,0.778543,0.833432,0.31624,0.0360178,1.06982,9.80968,6.55594,0.0983074,0.0402722,0.487632,0.594814,1.41191,1.00557,0.0617128,1.51633,15.0776,13.1047,0.772824,0.167669,1.48749,1.66781,1.16233,0.728669,0.0568451,0.336079,7.66649,8.15052,0.362929,0.0216914,0.150888,0.334649,1.17024,1.41993,0.280502,0.484632,12.1444,15.7896,2.04055,0.123429,1.28781,1.74622,0.660055,0.300412,0.0420493,0.139015,5.93016,9.52273,1.0824,0.0124287,0.449961,0.957864,1.0014,1.43282,0.325427,0.0815781,9.01295,17.7096,3.81264,0.014172,0.853986,2.04322,1.03447,0.678621,0.119433,0.00321009,3.73565,10.2863,2.10864,0.00443534,0.143044,0.57962
17.832925170,0.506467,0.591833,0.119294,0.00186927,3.78942,20.9505,11.7927,0.186022,0.0946739,0.606351,0.717885,0.810954,0.318605,0.0360178,1.08785,9.75068,6.43511,0.0656171,0.0407307,0.49094,0.610629,1.54217,1.13714,0.0617128,1.54792,15.0616,12.9868,0.731791,0.173645,1.6124,1.7978,1.19958,0.795709,0.0568451,0.341072,7.62011,8.10047,0.303645,0.0124794,0.150718,0.360478,1.26107,1.57132,0.285866,0.532644,12.1564,15.7792,1.91051,0.0892511,1.38261,1.88649,0.675888,0.306913,0.0420493,0.139167,5.80476,9.51819,0.988566,0.007795,0.49389,1.03851,1.07599,1.58943,0.352268,0.0966961,9.05405,18.0064,3.72154,0.00232635,0.846799,2.05388,1.05381,0.722083,0.120317,0.00321009,3.6507,10.3348,1.97662,0.00181408,0.137337,0.5866
19.319002268,0.474205,0.520506,0.125443,0,3.86299,21.2004,12.2856,0.185929,0.0846893,0.607339,0.622689,0.558599,0.298987,0.00854197,0.715415,8.68786,6.14806,0.0783528,0.0495431,0.524083,0.592966,1.51488,1.22181,0.0617128,1.59696,15.2241,13.4151,0.759006,0.181301,1.5355,1.46957,0.807103,0.741352,0.0554439,0.209566,6.98356,7.94501,0.310187,0.0124794,0.142519,0.264598,1.27222,1.68856,0.273234,0.514878,11.985,15.8318,1.92668,0.0974359,1.42889,1.79311,0.320853,0.171456,0.0277606,0.0284243,5.39276,9.30469,1.03133,0.007795,0.489887,0.888153,1.02744,1.68486,0.374544,0.0954771,9.17025,18.2607,3.75969,0.00232635,0.859847,1.78162,0.679197,0.553022,0.127186,0.00093183,3.64004,10.1964,1.98967,0.00181408,0.137337,0.547475
20.805079365,0.480973,0.561758,0.138922,0,3.44097,20.1447,11.5086,0.195975,0.0844295,0.630357,0.654463,0.588073,0.292154,0.00854197,0.686733,8.52975,5.81745,0.0878898,0.0470595,0.550809,0.602874,1.63092,1.29846,0.0768567,1.35514,14.3553,12.5028,0.793004,0.181301,1.64056,1.58777,0.892334,0.78674,0.0694885,0.213626,6.78012,7.40917,0.333046,0.0104784,0.136916,0.264598,1.39719,1.82065,0.310725,0.432897,11.4745,14.8287,1.88988,0.0974041,1.42637,1.79311,0.320853,0.148697,0.0196417,0.0281549,5.2891,8.72465,1.06265,0.0110504,0.526869,0.958208,1.12283,1.81417,0.413744,0.0877967,8.73312,17.0823,3.60481,0.00232635,0.907997,1.90178,0.695889,0.564636,0.12876,0.00238319,3.47846,9.55746,1.89457,0.00181408,0.131422,0.553003
22.291156463,0.505278,0.614742,0.137833,0,3.59789,19.5796,11.2838,0.163648,0.0819973,0.665979,0.678834,0.610188,0.286771,0.00785463,0.760495,8.1353,5.75366,0.074453,0.0368537,0.540571,0.613985,1.74768,1.37354,0.076693,1.46984,13.6163,11.9797,0.669435,0.179726,1.63867,1.59312,0.951137,0.844553,0.0678244,0.23484,6.32007,7.16197,0.269455,0.0104784,0.136916,0.274862,1.51154,1.95302,0.309802,0.452247,10.581,13.9497,1.62535,0.0974041,1.52629,1.9412,0.334913,0.143679,0.0159711,0.0280652,4.92312,8.35975,0.94501,0.0109962,0.559516,1.04784,1.18175,1.93943,0.413176,0.0858291,8.10131,16.0582,3.27558,0.00232635,0.945545,2.03087,0.713377,0.607324,0.125118,0.00230442,3.45642,9.41945,1.88646,0.00181408,0.126376,0.588361
23.777233560,0.522103,0.614742,0.135035,0,3.24809,18.6507,10.7944,0.177932,0.0819973,0.665979,0.678834,0.610188,0.271894,0.00116233,0.60525,7.54531,5.34327,0.0787249,0.0368537,0.580998,0.639276,1.74768,1.36967,0.0746255,1.22468,12.7251,11.2409,0.703063,0.179726,1.74097,1.68665,0.969742,0.833211,0.0593517,0.168487,5.96939,6.66278,0.293932,0.000397,0.124771,0.277153,1.51154,1.94868,0.305427,0.366473,10.0414,13.0427,1.64479,0.0948951,1.62535,2.08599,0.383586,0.133846,0.00305829,0.0186097,4.79226,7.87008,0.949824,0.00651583,0.595285,1.11862,1.20686,1.9382,0.409723,0.0695784,7.88795,15.1883,3.25456,0.00189005,0.999413,2.15131,0.765028,0.603718,0.112636,0.00230442,3.35078,8.81351,1.842,0,0.112181,0.605213
25.263310658,0.45359,0.659011,0.140645,0,3.0317,17.8462,10.1577,0.151143,0.00211674,0.430288,0.517168,0.612875,0.273282,0.00116233,0.570035,7.10393,4.8286,0.0640463,0.0401301,0.588332,0.6524,1.85452,1.44459,0.0746255,1.08771,11.3883,9.82615,0.583032,0.192435,1.8357,1.77904,1.00674,0.891561,0.0593517,0.169901,5.54964,6.04045,0.229674,0.000397,0.124771,0.284688,1.59587,2.06632,0.306649,0.372763,8.96919,11.4964,1.31954,0.0958586,1.71849,2.20179,0.396261,0.135822,0.00305829,0.0198206,4.21171,7.13098,0.747621,0.00651583,0.640657,1.17207,1.26836,2.04918,0.425531,0.0760231,6.88871,13.6285,2.68541,0.00189005,0.999522,2.1523,0.787986,0.645993,0.116703,0.00230442,2.87973,8.10133,1.50198,0,0.112604,0.607875
26.749387755,0.471938,0.687069,0.151184,0,3.0677,16.939,9.83207,0.134829,0.00525952,0.454667,0.567675,0.629119,0.284966,0.00116233,0.562788,6.60557,4.69799,0.0681698,0.0482137,0.576014,0.665658,1.93807,1.5122,0.0746255,1.06699,10.65,9.47981,0.518816,0.193082,1.76082,1.72395,1.06588,0.949864,0.0655027,0.169964,5.20225,5.97446,0.233299,0,0.0514096,0.17947,1.70698,2.19759,0.337018,0.326719,8.40953,11.2365,1.30427,0.087487,1.53063,1.99091,0.382449,0.135822,0.00305829,0.0198206,4.10542,6.98553,0.791554,0.00651583,0.561619,1.03745,1.35273,2.17181,0.465194,0.0558363,6.55843,13.0545,2.77908,0.00189005,0.916746,2.00011,0.773684,0.689804,0.130445,0.00230442,2.76917,7.53215,1.52494,0,0.112604,0.561864
28.235464853,0.443909,0.663664,0.146977,0,2.877,16.7519,9.63313,0.138874,0.00525227,0.439255,0.517342,0.537534,0.235448,0.00116233,0.56872,6.96785,4.84022,0.0740853,0.0390623,0.556659,0.602298,1.82628,1.40336,0.0806171,0.984481,10.7387,9.42068,0.538478,0.150951,1.67342,1.64335,1.00524,0.903582,0.0773316,0.181077,5.37394,5.90577,0.249943,0,0.0514096,0.17947,1.65653,2.10442,0.317485,0.312923,8.53751,11.0849,1.31885,0.0772738,1.48213,1.92908,0.334559,0.0903053,0.000123016,0.024009,4.1789,6.87883,0.809934,0.0108361,0.606496,1.10785,1.28379,2.07394,0.430822,0.0573851,6.53668,12.7096,2.7419,0.00189005,0.962459,2.09764,0.719935,0.639977,0.120858,0.00357368,2.77799,7.52074,1.48163,0,0.11486,0.567331
29.721541950,0.419109,0.635752,0.123567,0,2.96369,16.2893,9.47712,0.13238,0.00525227,0.412469,0.484027,0.474436,0.201476,4.7291e-05,0.621878,6.58567,4.69383,0.0681375,0.0390623,0.523682,0.599267,1.70982,1.30139,0.0533136,1.05617,10.5579,9.37808,0.504425,0.150951,1.51888,1.48412,0.947444,0.876517,0.0617429,0.192259,5.08171,5.74957,0.223408,0,0.0513631,0.179862,1.55752,1.99942,0.259103,0.318813,8.0343,10.5744,1.15191,0.0772738,1.56025,2.04689,0.33764,0.0884926,0.000123016,0.0220615,3.88053,6.59565,0.7314,0.00860999,0.588481,1.08165,1.17822,1.9619,0.367721,0.0566354,6.27622,12.3212,2.49423,0.00120966,0.893111,1.98431,0.710237,0.635981,0.107514,0.00313608,2.84805,7.49962,1.54659,0,0.0888889,0.524334
31.207619048,0.385692,0.564757,0.123567,0,2.68053,15.7099,9.14407,0.140193,0.00525227,0.364968,0.457612,0.425613,0.175132,4.7291e-05,0.528285,6.23534,4.4425,0.0723415,0.0390623,0.461203,0.542399,1.53698,1.176,0.0533136,0.884404,9.95316,8.8125,0.523728,0.150951,1.52398,1.47275,0.88127,0.800796,0.0617429,0.166847,4.86064,5.36802,0.243877,0,0.0425102,0.148325,1.40886,1.81332,0.259103,0.281671,7.90607,10.2439,1.19808,0.0772738,1.43119,1.84908,0.331217,0.0884926,0.000123016,0.0205598,3.81943,6.31388,0.766983,0.00860999,0.556705,0.975094,1.1142,1.77855,0.367721,0.0566354,6.2492,12.0268,2.4963,0.00120966,0.832962,1.79592,0.701487,0.582257,0.107514,0.00313608,2.7459,7.0653,1.51869,0,0.0862933,0.451205
32.693696145,0.292093,0.510202,0.122962,0,2.51186,15.1414,8.59849,0.122771,0.00525227,0.382403,0.46851,0.398714,0.170214,4.7291e-05,0.499233,6.06431,4.11241,0.0620529,0.0443094,0.476209,0.506054,1.36448,1.03496,0.0533136,0.884512,9.6721,8.35449,0.47869,0.16062,1.44531,1.40952,0.810865,0.731715,0.0617429,0.170825,4.74867,5.18876,0.189622,0,0.032088,0.131473,1.30373,1.64172,0.251553,0.29647,7.49349,9.68161,1.06271,0.0775617,1.36968,1.74145,0.256652,0.0717097,0.000123016,0.0220007,3.55374,5.9767,0.658967,0.00860999,0.546104,0.940261,0.996627,1.59883,0.33897,0.0597159,5.69661,11.3788,2.2161,0.00120966,0.729275,1.60662,0.590206,0.51486,0.102135,0.00313608,2.4994,6.80191,1.30431,0,0.0647245,0.377996
34.179773243,0.337485,0.596054,0.16171,0,2.8263,15.0847,8.78508,0.113452,0.0125059,0.3902,0.521011,0.392952,0.165123,4.7291e-05,0.470841,5.6064,3.95742,0.0589854,0.0384758,0.434414,0.493729,1.50303,1.17945,0.0569475,0.969902,9.35737,8.35867,0.470339,0.191405,1.49992,1.48049,0.833444,0.758729,0.0617429,0.156422,4.38805,4.98596,0.187555,0,0.0173287,0.0862754,1.44339,1.85304,0.311399,0.286002,7.40447,9.97476,1.18615,0.0708515,1.20767,1.57605,0.243002,0.0605791,0.000123016,0.0209317,3.41656,5.75844,0.652191,0.00860999,0.478302,0.825828,1.12148,1.81267,0.426794,0.0436954,5.76371,11.5035,2.55776,0.00120966,0.676667,1.49226,0.569918,0.514492,0.101363,0.00313608,2.37767,6.40226,1.30856,0,0.0616649,0.329294
35.665850340,0.310445,0.629817,0.177564,0,2.76034,15.635,8.96976,0.139292,0.0115576,0.425031,0.548412,0.322627,0.12155,4.7291e-05,0.45992,5.79011,3.92184,0.0595688,0.0278383,0.400607,0.439621,1.55787,1.19689,0.0864305,1.05834,10.3976,9.10139,0.586906,0.147987,1.33476,1.32477,0.76741,0.690633,0.060695,0.146095,4.3977,4.76099,0.18559,0,0.0173287,0.0862754,1.53663,1.91848,0.329037,0.351098,8.05862,10.3715,1.33528,0.079075,1.25388,1.64392,0.205959,0.0310516,0,0.016855,3.2848,5.40335,0.604981,0.00860999,0.493791,0.860453,1.18984,1.87507,0.429683,0.0714405,6.01798,11.5817,2.54033,0.00350576,0.771755,1.71869,0.536423,0.454673,0.0844685,0.00313608,2.32454,6.24376,1.23436,0,0.0598424,0.327835
37.151927438,0.307441,0.707956,0.15359,0,3.50952,17.3829,10.1417,0.134025,0.0115576,0.480927,0.564569,0.275278,0.0925513,0,0.483735,5.4765,3.80926,0.0535339,0.0278383,0.357414,0.45498,1.6461,1.22776,0.0578032,1.44024,11.7133,10.2917,0.552208,0.147987,1.41155,1.44075,0.733328,0.632425,0.043147,0.144508,4.12195,4.63437,0.159127,0,0.0173287,0.107009,1.6232,1.98216,0.2721,0.437196,8.7201,11.3473,1.3519,0.079075,1.44816,1.93741,0.231311,0.0310516,0,0.015804,3.08962,5.22346,0.52676,0.00757571,0.453913,0.844755,1.2081,1.95793,0.367933,0.0702228,6.76925,13.0888,2.90011,0.0022961,0.772089,1.8039,0.554403,0.444602,0.0658289,0.00285036,2.32735,6.1753,1.25276,0,0.036595,0.294925
38.638004535,0.276885,0.645395,0.15359,0,3.58985,18.3665,10.9127,0.21488,0.0115576,0.437652,0.539997,0.233743,0.073239,0,0.390957,5.13213,3.54347,0.055211,0.0278383,0.33317,0.424305,1.48778,1.11248,0.0578032,1.35366,12.2512,10.8181,0.695877,0.147987,1.63026,1.65124,0.730439,0.573468,0.043147,0.122037,3.94664,4.35427,0.179552,0,0.0103735,0.0825167,1.49113,1.81347,0.2721,0.401157,9.578,12.2876,1.66324,0.079075,1.52847,2.04874,0.326498,0.0310516,0,0.015745,3.09388,5.01642,0.547575,0.00757571,0.430508,0.779448,1.16523,1.78744,0.367933,0.0702228,7.70169,14.3227,3.37883,0.0022961,0.839845,1.8852,0.64887,0.401902,0.0658289,0.00285036,2.20839,5.73862,1.19092,0,0.0364918,0.231896
40.124081633,0.298138,0.758761,0.171598,0,3.60724,18.779,11.0026,0.243088,0.0115576,0.514605,0.620135,0.214434,0.0695166,0,0.378578,4.8595,3.20592,0.0503145,0.0278383,0.349599,0.532939,1.74617,1.30212,0.0578032,1.41761,12.6033,10.9007,0.716923,0.187746,1.69689,1.7158,0.710493,0.584638,0.043147,0.120224,3.75377,4.1479,0.14523,0,0.0057309,0.101625,1.64527,2.01284,0.276264,0.518039,9.81291,12.4487,1.55384,0.0822749,1.5489,2.07448,0.294324,0.0187217,0,0.015745,2.7817,4.70368,0.478802,0.00757571,0.383794,0.711742,1.25863,2.02196,0.418659,0.110719,7.73178,14.8073,3.30384,0.0022961,0.749407,1.71821,0.590045,0.413395,0.0658289,0.00285036,1.92616,5.41525,1.0248,0,0.0214915,0.185361
41.610158730,0.335556,0.814594,0.21127,0,4.00291,19.6855,11.8535,0.249641,0.0197292,0.545241,0.691265,0.214635,0.0718226,0,0.361804,4.77305,3.28569,0.0503145,0.0291815,0.342036,0.504166,1.77161,1.33052,0.063041,1.5308,13.1715,11.8306,0.914252,0.22959,1.81839,1.82295,0.706954,0.549091,0.043147,0.116458,3.53862,4.06092,0.143252,0,0.00206837,0.0757959,1.74753,2.11696,0.341099,0.511985,10.4042,13.6724,1.9891,0.0783995,1.43693,1.93421,0.278491,0.0122198,0,0.0155925,2.87419,4.74041,0.525815,0.00757571,0.343755,0.640172,1.3551,2.13485,0.494304,0.0956013,8.13428,15.3661,3.73,0.0022961,0.892139,1.97604,0.721234,0.398031,0.0679121,0.00285036,1.8559,5.12684,1.05721,0,0.0201446,0.178381
43.096235828,0.312379,0.869947,0.234593,0,4.10912,20.44,12.1584,0.276547,0.018568,0.590009,0.736818,0.201889,0.0623516,0,0.35082,4.85392,3.20546,0.0382995,0.020369,0.323891,0.45632,1.87696,1.41839,0.0964009,1.71791,14.2169,12.6033,0.986194,0.210214,1.73256,1.72859,0.682758,0.511303,0.0385506,0.105274,3.6586,4.05709,0.13924,0,0.00206837,0.0757959,1.89671,2.28338,0.389821,0.598635,11.0052,14.1351,2.10494,0.105949,1.56164,2.07529,0.26595,0.0060392,0,0.0133271,2.76832,4.4932,0.459508,0.00757571,0.362117,0.685532,1.48113,2.32029,0.54595,0.123928,8.50218,15.8849,3.86055,0.00532275,0.896386,2.03215,0.630681,0.369228,0.0602609,0.00285036,1.88372,5.16071,1.01112,0,0.0228145,0.167881
44.582312925,0.31342,0.908708,0.217456,0,4.90928,22.3572,13.4487,0.266501,0.018568,0.565634,0.707462,0.188936,0.0478539,0,0.369757,4.70444,3.17824,0.0287626,0.020369,0.292549,0.468857,2.00777,1.49993,0.0812571,2.11845,15.5595,13.7697,0.947699,0.210214,1.85492,1.86851,0.657601,0.47013,0.0242817,0.0942832,3.52744,4.07061,0.112448,0,0.00206837,0.097289,2.01719,2.39007,0.3522,0.692136,11.7082,15.143,2.17044,0.105949,1.75421,2.36819,0.29256,0.0060392,0,0.00953312,2.69531,4.47201,0.383265,0.00432029,0.328069,0.684466,1.52705,2.45456,0.50675,0.123395,9.31588,17.418,4.31004,0.00532275,0.934779,2.15861,0.640223,0.371319,0.0488082,0.00126926,1.91311,5.23454,1.03836,0,0.0135804,0.162379
46.068390023,0.289115,0.855724,0.217456,0,5.06234,23.5001,14.2178,0.320455,0.018568,0.529758,0.683092,0.16682,0.0478539,0,0.292372,4.47522,2.97332,0.0291612,0.020369,0.292549,0.457746,1.89102,1.42276,0.0812571,2.08663,16.3292,14.455,1.05208,0.210214,1.85492,1.86316,0.598798,0.407498,0.0242817,0.072387,3.50679,3.91611,0.128895,0,0.00206837,0.0870251,1.90284,2.25513,0.3522,0.669129,12.7544,16.2991,2.45135,0.105949,1.65428,2.2201,0.278501,0.0060392,0,0.00953312,2.83178,4.47374,0.409246,0.00432029,0.290544,0.594607,1.46813,2.32861,0.50675,0.123395,10.4151,19.0632,4.84185,0.00532275,0.895348,2.02945,0.622735,0.324973,0.0488082,0.00126926,1.90689,5.11968,1.01887,0,0.0135804,0.125041
47.554467120,0.285994,0.855724,0.217456,0,5.05717,23.8346,14.3503,0.361122,0.018568,0.574488,0.726897,0.16682,0.0478539,0,0.29374,4.21561,2.72676,0.0248892,0.020369,0.262156,0.442281,1.89102,1.42276,0.0812571,2.12703,16.6559,14.584,1.10012,0.236635,1.89508,1.8838,0.580193,0.407498,0.0242817,0.0727715,3.28132,3.72564,0.106965,0,0.000442482,0.0847335,1.90284,2.25513,0.3522,0.747866,12.9478,16.3994,2.38257,0.106577,1.6698,2.22404,0.259492,0.0060392,0,0.00953312,2.53028,4.14989,0.369864,0.00432029,0.241811,0.523828,1.44302,2.32861,0.50675,0.149847,10.4896,19.4438,4.79732,0.00532275,0.835895,1.909,0.571084,0.324973,0.0488082,0.00126926,1.65072,4.72142,0.88266,0,0.0135804,0.10819
49.040544218,0.309611,0.897657,0.249005,0,5.42135,24.598,15.0823,0.360444,0.0262368,0.605726,0.806828,0.168466,0.0508861,0,0.279227,4.12044,2.80401,0.0248892,0.0186162,0.245177,0.41915,1.92849,1.48374,0.0849373,2.24498,17.1656,15.4241,1.26206,0.278019,2.03351,2.02482,0.569923,0.376407,0.0242817,0.0668414,3.05553,3.64674,0.103924,0,0.000442482,0.0771987,1.96783,2.34559,0.407878,0.762158,13.5648,17.6313,2.76651,0.105613,1.57666,2.10824,0.246816,0.00406342,0,0.00832228,2.60223,4.17383,0.410158,0.00432029,0.205349,0.479103,1.51272,2.43438,0.575517,0.143402,10.9445,20.1748,5.20691,0.00532275,0.952801,2.11601,0.658432,0.304228,0.0470995,0.00126926,1.60006,4.49036,0.903544,0,0.0131578,0.105528
50.526621315,0.292118,0.97189,0.275906,0,5.56696,25.7361,15.618,0.385866,0.0230941,0.642473,0.85189,0.180067,0.0459056,0,0.266342,4.24422,2.75188,0.0155176,0.00857239,0.225976,0.372937,2.08174,1.58386,0.114605,2.458,18.471,16.4256,1.32784,0.249316,1.91848,1.90971,0.567282,0.346199,0.0208445,0.0596464,3.21526,3.72377,0.102912,0,0.000442482,0.0771987,2.11669,2.49864,0.446748,0.854319,14.2247,18.111,2.87194,0.141288,1.76944,2.36863,0.246816,0.00406342,0,0.00832228,2.53104,3.96491,0.338533,0.00432029,0.222255,0.525245,1.63526,2.59839,0.612465,0.174299,11.3502,20.7923,5.27775,0.00758469,0.982748,2.23417,0.597318,0.281034,0.0409045,0.00126926,1.66668,4.66547,0.866245,0,0.0158447,0.112862
52.012698413,0.30898,1.04781,0.254295,0,6.27149,27.4743,16.8178,0.381822,0.0230941,0.628245,0.830512,0.16338,0.033726,0,0.287925,4.14501,2.77317,0.00960219,0.00857239,0.195781,0.388578,2.24014,1.69437,0.107292,2.77805,19.5844,17.4487,1.30693,0.249316,2.05341,2.06393,0.540775,0.300585,0.00467282,0.0465824,3.09353,3.69287,0.0811055,0,0.000442482,0.10097,2.24022,2.60851,0.405619,0.925951,14.9602,19.2165,2.97402,0.119745,1.85267,2.51763,0.275812,0.00406342,0,0.00144092,2.4441,3.92117,0.275397,0,0.184985,0.521462,1.685,2.72774,0.567892,0.167331,12.0935,22.1164,5.72848,0.00758469,1.01813,2.38225,0.611356,0.273138,0.0254744,0,1.65339,4.59852,0.882276,0,0.00780754,0.112723
53.498775510,0.306551,1.02157,0.254295,0,6.51019,28.7686,17.404,0.465509,0.0230941,0.711076,0.876745,0.147399,0.033726,0,0.234093,4.05972,2.61691,0.0115417,0.00857239,0.218963,0.396627,2.17234,1.65428,0.107292,2.78474,20.6861,17.9855,1.44273,0.249316,2.27742,2.27721,0.543654,0.24914,0.00467282,0.0265885,3.12571,3.61987,0.0997874,0,0.000442482,0.0950153,2.1517,2.49844,0.405619,0.916999,16.2646,20.1277,3.15447,0.119745,1.98351,2.69423,0.367366,0.00406342,0,0.00144092,2.60985,3.92768,0.302593,0,0.174983,0.483143,1.65612,2.63053,0.567892,0.167331,13.3488,23.7757,6.32331,0.00758469,1.1386,2.37866,0.603197,0.239856,0.0254744,0,1.65596,4.50317,0.890266,0,0.00780754,0.0902922
54.984852608,0.368333,1.13399,0.270964,0,6.63332,30.1108,18.3699,0.514149,0.0230941,0.786053,0.961242,0.147399,0.033726,0,0.244605,3.95453,2.47999,0.00733761,0.00857239,0.23915,0.50549,2.42978,1.84917,0.107292,2.8667,21.5536,19.006,1.51645,0.288468,2.4703,2.45114,0.549929,0.261597,0.00467282,0.0289523,3.04126,3.58811,0.0841956,0,0.000442482,0.117873,2.3034,2.70052,0.410895,1.03459,16.8727,21.2921,3.26233,0.123729,2.1269,2.88403,0.400686,0.00406342,0,0.00144092,2.39848,3.85074,0.270025,0,0.169741,0.477557,1.76985,2.86532,0.618722,0.208827,13.7021,25.0363,6.38689,0.00758469,1.13456,2.55309,0.719593,0.270372,0.0254744,0,1.45162,4.32206,0.797559,0,0.00780754,0.0983661
56.470929705,0.414652,1.22447,0.30973,0,7.06322,30.9955,19.1041,0.512091,0.0305786,0.828973,1.0613,0.153193,0.038862,0,0.237559,3.83078,2.53385,0.00733761,0.0065601,0.230159,0.535073,2.60908,1.99717,0.112545,2.98568,22.0153,19.8419,1.70212,0.338249,2.63293,2.62534,0.582353,0.285173,0.00467282,0.0233326,2.81424,3.51456,0.0871587,0,0,0.11411,2.49678,2.94285,0.481188,1.0614,17.5988,22.7621,3.69527,0.123441,2.02916,2.78822,0.391837,0.00406342,0,0,2.46794,3.93836,0.322408,0,0.126403,0.437287,1.94126,3.12088,0.715792,0.205747,14.2713,25.9892,6.85425,0.00758469,1.27867,2.82337,0.869143,0.296085,0.0301627,0,1.41677,4.16937,0.840537,0,0.00780754,0.0967715
57.957006803,0.369586,1.23694,0.308594,0,6.9758,31.3527,19.1714,0.531392,0.023325,0.826595,1.03631,0.155574,0.0382639,0,0.242158,4.03931,2.5668,0.00792522,0.0065601,0.2361,0.494269,2.69941,2.02543,0.141593,3.13646,23.0059,20.4462,1.72892,0.280502,2.39887,2.39681,0.607349,0.280725,0.00549902,0.0233326,3.01903,3.61952,0.0872707,0,0,0.11411,2.62298,3.01914,0.492458,1.13392,17.864,22.559,3.65524,0.165181,2.24165,3.05846,0.385166,0,0,0,2.48911,3.88786,0.29886,0,0.143934,0.483068,2.03493,3.19483,0.708591,0.241782,14.3791,25.9615,6.65757,0.0106412,1.29719,2.94178,0.829974,0.296385,0.0369733,0,1.52309,4.38306,0.819936,0,0.0107632,0.100945
59.443083900,0.368955,1.14054,0.268687,0,7.50077,32.1609,19.9002,0.505552,0.023325,0.759511,0.940977,0.131054,0.0315081,0,0.26821,4.04756,2.71275,0.00734185,0.0065601,0.222887,0.493054,2.47234,1.85483,0.109881,3.25812,23.0496,20.5926,1.61009,0.280502,2.60071,2.61731,0.565034,0.257413,0.00465963,0.0254826,2.98019,3.684,0.0854585,0,0,0.11411,2.37438,2.74117,0.419987,1.12078,18.0008,23.0962,3.64064,0.126607,2.22095,3.06883,0.395876,0,0,0,2.57027,4.07214,0.300526,0,0.130358,0.495563,1.82401,2.91365,0.628705,0.21042,14.8485,26.9067,7.11468,0.00834511,1.27968,2.9315,0.814468,0.28483,0.0321898,0,1.55435,4.44224,0.858016,0,0.00831242,0.103339
60.929160998,0.351857,1.08591,0.269139,0,6.66354,30.0091,18.5297,0.559126,0.023325,0.675096,0.890398,0.120631,0.0315081,0,0.236154,3.79281,2.45496,0.00734185,0.0065601,0.223281,0.480288,2.4312,1.83767,0.109881,2.87028,21.9841,19.6852,1.72365,0.280502,2.38596,2.35558,0.533068,0.259525,0.00465963,0.0230522,2.94644,3.54645,0.100728,0,0,0.101602,2.3258,2.69578,0.419987,1.02988,17.5496,22.2295,3.61284,0.126607,2.03011,2.7784,0.370525,0,0,0,2.53316,3.90618,0.31862,0,0.128477,0.432439,1.77591,2.86796,0.628705,0.21042,14.7717,26.4607,7.03443,0.00834511,1.19634,2.67706,0.789996,0.278304,0.0321898,0,1.57532,4.37812,0.901879,0,0.00831242,0.0857784
62.415238095,0.353631,1.08781,0.269463,0,6.36918,28.4907,17.2755,0.478271,0.0235738,0.715786,0.923065,0.121246,0.0324027,0,0.250322,3.84546,2.54316,0.00566471,0.0065601,0.209479,0.474956,2.4312,1.83767,0.109881,2.85557,20.8079,18.3697,1.57998,0.308182,2.29085,2.21747,0.47851,0.260778,0.00465963,0.0452801,2.82946,3.49959,0.0803029,0,0,0.101602,2.3258,2.69578,0.419987,1.02988,16.5844,21.1816,3.41716,0.126607,1.82173,2.4784,0.266895,0,0,0.00291885,2.36153,3.82734,0.299852,0,0.112806,0.395694,1.75995,2.87098,0.629496,0.21042,13.6024,24.775,6.46372,0.00834511,1.06782,2.42309,0.685391,0.278624,0.0321898,0,1.40583,4.12741,0.821818,0,0.00831242,0.0858398
63.901315193,0.366511,1.05483,0.288418,0,6.45219,27.8216,16.966,0.420487,0.0303599,0.697922,0.963889,0.123794,0.0355571,0,0.246703,4.08828,2.72305,0.0100865,0.0072399,0.196925,0.401235,2.27291,1.75851,0.109881,2.87845,20.083,17.9928,1.49563,0.301257,2.26026,2.27404,0.492429,0.274808,0.00465963,0.0439923,3.05479,3.73536,0.11586,0,0,0.0763478,2.2777,2.66402,0.456678,0.945073,16.0164,21.0911,3.50126,0.123407,1.66553,2.28139,0.230937,0,0,0.00291885,2.63754,4.04957,0.355533,0,0.155269,0.432693,1.73669,2.79211,0.631503,0.169924,13.2692,24.3423,6.58558,0.00834511,1.06782,2.42309,0.679517,0.263752,0.0332708,0,1.48974,4.11276,0.833191,0,0.0380442,0.11909
65.387392290,0.306204,1.05497,0.27852,0,6.15931,27.5045,16.4568,0.422805,0.0291309,0.729312,0.958739,0.147562,0.0366907,0,0.242615,4.14155,2.64935,0.0114836,0.0054383,0.181588,0.345557,2.31855,1.71474,0.118555,2.92304,20.494,17.8953,1.36969,0.23963,2.03043,2.03953,0.517752,0.266483,0.00606696,0.0427657,3.16117,3.74052,0.117103,0,0.000519572,0.0763478,2.30567,2.6036,0.426127,0.981265,15.9387,20.2846,3.2415,0.148345,1.83341,2.552,0.230937,0,0,0.00291885,2.51127,3.82131,0.308703,0,0.161994,0.471511,1.79311,2.77689,0.5868,0.194288,13.1334,24.0025,6.29132,0.00834511,0.991155,2.37209,0.558591,0.247736,0.0341383,0,1.5062,4.19347,0.779835,0,0.039911,0.124967
66.873469388,0.315491,0.976992,0.260247,0,6.45025,27.9067,16.9304,0.395899,0.0291309,0.662947,0.863224,0.121397,0.0296054,0,0.262109,4.17071,2.81761,0.010709,0.0054383,0.175025,0.344988,2.10116,1.56063,0.0851951,2.89809,20.169,17.8204,1.24396,0.23963,2.22617,2.30382,0.487869,0.244503,0.00494737,0.0479861,3.1553,3.80966,0.114572,0,0.000519572,0.0763478,2.04919,2.32865,0.353362,0.920314,15.827,20.5755,3.12284,0.106965,1.75663,2.53577,0.254714,0.00155252,0,0.00292355,2.59644,4.06165,0.314178,0,0.149313,0.488157,1.58628,2.5007,0.505855,0.159291,13.2087,24.4036,6.45468,0.00531846,0.955584,2.40164,0.558248,0.234899,0.0272969,0,1.51435,4.23124,0.793903,0,0.0372411,0.137063
68.359546485,0.32142,1.03092,0.260247,0,5.74344,26.7446,16.0979,0.416317,0.0291309,0.752483,0.91753,0.107226,0.0296054,0,0.237984,4.01141,2.61642,0.010709,0.0054383,0.205228,0.365775,2.10684,1.52509,0.0851951,2.51386,19.5312,17.1179,1.28259,0.23963,2.20216,2.27573,0.524036,0.244154,0.00494737,0.0463354,3.20953,3.70659,0.120081,0,0.000519572,0.078187,2.05752,2.33043,0.353362,0.825934,15.7008,20.015,3.06999,0.106965,1.77122,2.55952,0.344823,0.00155252,0,0.00292355,2.58637,3.92855,0.334066,0,0.166057,0.47031,1.60503,2.47538,0.505855,0.159291,13.2525,24.1692,6.3406,0.00531846,0.86904,2.15501,0.535645,0.23832,0.0272969,0,1.55004,4.21082,0.825553,0,0.0372411,0.118893
69.845623583,0.404928,1.16479,0.278989,0,5.64962,26.307,15.6285,0.370087,0.0291309,0.837555,1.0124,0.107226,0.0296054,0,0.230957,3.98435,2.55555,0.0103939,0.0054383,0.22541,0.489394,2.37633,1.69686,0.0851951,2.52236,19.0943,16.6318,1.17964,0.25116,2.37542,2.45904,0.538156,0.258943,0.00494737,0.0463354,3.00656,3.58555,0.103634,0,0.000519572,0.108706,2.22265,2.51722,0.353362,0.866805,15.218,19.7154,2.84188,0.106965,1.77122,2.55952,0.344823,0.00155252,0,0.00292355,2.37525,3.82875,0.310968,0,0.166057,0.473836,1.73836,2.69012,0.520617,0.169119,12.2278,23.0734,5.76213,0.00531846,0.97469,2.41421,0.671678,0.26393,0.0272969,0,1.35254,3.93542,0.72286,0,0.0372411,0.127432
71.331700680,0.465985,1.27839,0.320765,0,5.9275,27.2382,16.316,0.368851,0.0360211,0.858349,1.10304,0.1137,0.0354042,0,0.216018,4.05651,2.68139,0.0103939,0.00583425,0.22753,0.537863,2.55983,1.84082,0.0851951,2.58546,19.6966,17.5321,1.33792,0.260998,2.41894,2.57663,0.575183,0.292111,0.00494737,0.0463754,3.04155,3.664,0.101796,0,0.000519572,0.108706,2.43074,2.77147,0.414143,0.826945,15.6603,20.7693,3.18299,0.106337,1.79253,2.60768,0.357043,0.00155252,0,0.00292355,2.50973,3.99796,0.333304,0,0.177257,0.486327,1.91524,2.93136,0.594785,0.142667,12.71,23.9187,6.14256,0.00531846,1.10348,2.67981,0.832521,0.287057,0.0280988,0,1.39415,4.03522,0.756093,0,0.0372411,0.127432
72.817777778,0.419154,1.30151,0.319893,0,5.70633,27.0896,15.9446,0.374612,0.0324483,0.865807,1.08233,0.119223,0.0328598,0,0.212325,4.11761,2.60711,0.0117195,0.00431061,0.21318,0.489677,2.6333,1.81985,0.0956203,2.67308,20.2289,17.5634,1.25058,0.206905,2.19528,2.34473,0.608199,0.288426,0.0061641,0.0452901,3.15922,3.70244,0.103389,0,0.000898352,0.108706,2.49206,2.759,0.39906,0.880141,15.6873,20.0951,2.98888,0.135466,1.97171,2.87927,0.357043,0.00155252,0,0.00292355,2.41429,3.82857,0.298081,0,0.18407,0.524689,2.01043,2.95945,0.566686,0.173901,12.6651,23.704,5.89078,0.00531846,1.05403,2.68485,0.754228,0.282512,0.0314055,0,1.42173,4.15461,0.720721,0,0.0399357,0.135502
74.303854875,0.418298,1.20908,0.29258,0,6.01165,27.4437,16.3628,0.34919,0.0324483,0.79971,0.986764,0.0913779,0.0261556,0,0.231077,4.11291,2.73445,0.00975512,0.00431061,0.208339,0.488074,2.40125,1.66186,0.0659529,2.67804,19.9642,17.4747,1.12883,0.206905,2.36481,2.57878,0.561844,0.261907,0.00345025,0.0494218,3.09762,3.69293,0.0968364,0,0.000898352,0.108706,2.23217,2.47958,0.329821,0.829139,15.601,20.3995,2.87244,0.0997913,1.90198,2.83094,0.366294,0.00180585,0,0.00298607,2.47115,4.01387,0.301763,0,0.171496,0.536705,1.80175,2.68262,0.491981,0.143721,12.7716,24.1584,6.08343,0.00305652,1.01508,2.67571,0.73912,0.264586,0.0240234,0,1.44432,4.16523,0.73303,0,0.0372488,0.128169
75.789931973,0.399552,1.15587,0.294504,0,5.26948,25.8415,15.3174,0.363039,0.0324483,0.808397,0.985992,0.0856146,0.0261556,0,0.199993,3.9166,2.52715,0.00975512,0.00431061,0.211104,0.472883,2.36809,1.60996,0.0659529,2.28585,19.0239,16.5881,1.16117,0.206905,2.16043,2.338,0.533933,0.255219,0.00345025,0.041561,3.10055,3.56791,0.101016,0,0.000898352,0.0942132,2.20069,2.43693,0.329821,0.737935,15.294,19.6933,2.83078,0.0997913,1.72316,2.55743,0.337298,0.00180585,0,0.00298607,2.436,3.84932,0.306855,0,0.165372,0.472792,1.76465,2.61882,0.491981,0.143721,12.742,23.8371,5.95538,0.00305652,0.932726,2.42649,0.711749,0.270182,0.0240234,0,1.44915,4.11622,0.746096,0,0.0372488,0.11518
77.276009070,0.400564,1.16311,0.296034,0,5.07777,24.8583,14.8139,0.281027,0.0326767,0.7298,0.953114,0.0856681,0.0261556,0,0.190223,3.76371,2.47734,0.00803975,0.00431061,0.190255,0.464504,2.38117,1.62263,0.0659529,2.28677,18.1167,16.1735,1.02594,0.208319,1.96064,2.16295,0.483324,0.256575,0.00345025,0.0416487,2.86402,3.36958,0.0823343,0,0.000898352,0.0942132,2.20486,2.45235,0.329821,0.76397,14.3824,19.2792,2.68254,0.0997913,1.5142,2.26125,0.237322,0.00180585,0,0.00298607,2.22045,3.75395,0.280745,0,0.144962,0.436668,1.75111,2.63329,0.492931,0.150614,11.5266,22.4461,5.34639,0.00305652,0.807793,2.36855,0.711749,0.271736,0.0240234,0,1.28082,3.85067,0.647212,0,0.0372488,0.115526
78.762086168,0.351414,1.0707,0.28574,0,4.92113,23.5046,13.8682,0.248628,0.0332439,0.667496,0.915871,0.0881954,0.0274732,0,0.172357,3.71063,2.48287,0.00803975,0.00453181,0.171032,0.36961,2.15519,1.44301,0.0659529,2.19882,17.5016,15.5026,1.03857,0.169167,1.75755,1.9838,0.483875,0.248009,0.00345025,0.0407777,2.79311,3.30195,0.0819983,0,0.000898352,0.0713552,2.08988,2.27862,0.329344,0.646382,13.9151,18.3611,2.67686,0.0958074,1.38196,2.11002,0.213974,0.00180585,0,0.00298607,2.25816,3.61285,0.294691,0,0.146918,0.440415,1.66776,2.42694,0.448426,0.109118,11.3425,21.4165,5.32054,0.00305652,0.825899,2.24013,0.634199,0.245133,0.0248698,0,1.32597,3.7686,0.645823,0,0.0372488,0.107528
80.248163265,0.29206,1.01079,0.247847,0,4.593,22.6021,13.1363,0.238063,0.0279234,0.63968,0.834624,0.0961416,0.022855,0,0.16514,3.63135,2.38603,0.00982622,0.00129695,0.150301,0.314081,2.04436,1.30089,0.0613155,2.16407,17.1794,14.8109,0.856619,0.111353,1.54897,1.81587,0.470467,0.223889,0.00371074,0.0385137,2.8072,3.23694,0.0852171,0,0.00147428,0.0713552,1.96154,2.06424,0.261036,0.645343,13.362,17.1939,2.31094,0.0970248,1.41101,2.19885,0.213974,0.00180585,0,0.00298607,2.12237,3.42237,0.241543,0,0.138591,0.447124,1.56604,2.22157,0.353371,0.117335,10.9432,20.7391,4.97254,0.00305652,0.685581,2.03481,0.493491,0.224142,0.0200294,0,1.30112,3.72152,0.591216,0,0.0375729,0.113236
81.734240363,0.291734,0.91993,0.218382,0,4.49068,21.7006,12.7689,0.213311,0.0279234,0.581169,0.754168,0.083667,0.0193635,0,0.178022,3.47324,2.39821,0.00923861,0.00129695,0.141477,0.314423,1.81414,1.13354,0.0286335,1.97172,16.0388,13.9916,0.733423,0.111353,1.60696,1.89875,0.426319,0.20242,0.00288454,0.0456572,2.68695,3.13176,0.0833814,0,0.00147428,0.0713552,1.69569,1.78038,0.18992,0.550275,12.7042,16.6864,2.12724,0.0552843,1.23513,2.00376,0.223043,0.00269009,0,0.00301564,2.09703,3.44959,0.249949,0,0.126525,0.422578,1.3473,1.93356,0.273801,0.0813686,10.5422,20.1998,4.88636,0,0.605987,1.88105,0.478015,0.208304,0.0136637,0,1.25706,3.57535,0.591101,0,0.0346172,0.105517
83.220317460,0.303709,0.969428,0.218382,0,3.74332,19.8323,11.4942,0.221986,0.0279234,0.608493,0.778633,0.0902796,0.020111,0,0.148658,3.29286,2.17343,0.00924331,0.00129695,0.150799,0.33152,1.88905,1.16859,0.0286335,1.60434,14.8852,12.9019,0.75005,0.111353,1.4596,1.75383,0.450996,0.213511,0.00288454,0.0435073,2.68204,3.00095,0.0845647,0,0.00147428,0.0811981,1.78281,1.86375,0.18992,0.466078,12.0321,15.5627,1.9826,0.0552843,1.11755,1.84807,0.25721,0.00269009,0,0.00301564,2.02496,3.29263,0.26359,0,0.124518,0.377579,1.39481,2.01174,0.273801,0.0813686,9.92698,18.9248,4.44794,0,0.527359,1.66244,0.470477,0.221546,0.0136637,0,1.18812,3.39575,0.569964,0,0.0346172,0.106334
84.706394558,0.336088,0.939012,0.226313,0,3.84533,19.8308,11.4464,0.168772,0.0279234,0.624753,0.813051,0.0863245,0.020111,0,0.160477,3.34027,2.22679,0.00927347,0.00129695,0.156134,0.369796,1.76303,1.06384,0.0286335,1.63934,14.395,12.4414,0.636621,0.113401,1.48887,1.80787,0.42892,0.197158,0.00288454,0.0441281,2.56207,2.91194,0.0711285,0,0.00147428,0.0836753,1.63427,1.69481,0.18992,0.479178,11.4377,15.0943,1.84084,0.0552843,1.11411,1.84501,0.25721,0.00269009,0,0.00302326,1.92785,3.25451,0.242018,0,0.131673,0.385792,1.34821,1.84199,0.277634,0.0851891,8.95863,17.5718,3.90468,0,0.550833,1.72976,0.51916,0.208299,0.0136637,0,1.08648,3.23717,0.493393,0,0.0351129,0.111011
86.192471655,0.358593,0.968518,0.235709,0,3.75403,19.7101,11.5605,0.185455,0.0281364,0.596919,0.827029,0.0883598,0.0205747,0,0.140037,3.16695,2.05669,0.00927347,0.00140661,0.147882,0.377772,1.81653,1.08949,0.0286335,1.57503,14.6052,12.9368,0.714568,0.0857214,1.36097,1.7227,0.442158,0.202732,0.00288454,0.0229261,2.51481,2.81553,0.0730887,0,0.00147428,0.0836753,1.70054,1.7456,0.198545,0.479178,11.4834,15.0831,1.85634,0.0552843,1.13816,1.89837,0.269863,0.00269009,0,0.00010441,1.88996,3.10615,0.256468,0,0.134538,0.391376,1.40517,1.8918,0.288957,0.0851891,9.14368,17.7627,3.99751,0,0.571484,1.79268,0.568464,0.214027,0.0146775,0,1.11131,3.26464,0.507064,0,0.0351129,0.110949
87.678548753,0.279167,0.923888,0.200258,0,3.6294,19.5288,11.337,0.189768,0.0213503,0.535735,0.701668,0.0887207,0.0175437,0,0.119402,2.87989,1.90311,0.00620473,0.00072681,0.137076,0.337771,1.77736,0.992366,0.0290854,1.57439,14.8264,12.8871,0.728394,0.0541846,1.21703,1.5625,0.439485,0.181638,0.00302686,0.022262,2.19836,2.51135,0.0344151,0,0.00147428,0.0836753,1.65469,1.61296,0.159144,0.489863,11.5574,14.6969,1.77551,0.0561899,1.16305,1.98227,0.269863,0.00269009,0,0.00010441,1.64868,2.85504,0.194207,0,0.0927834,0.371071,1.3695,1.78256,0.238348,0.0936621,9.07028,17.3216,3.75762,0,0.574122,1.85516,0.565651,0.207801,0.0139545,0,1.05487,3.22948,0.468736,0,0.00551943,0.0697956
89.164625850,0.2784,0.821238,0.167696,0,3.65467,18.8979,11.2248,0.172601,0.0144077,0.459175,0.619675,0.0605134,0.0117387,0,0.13355,2.7418,1.90761,0.00480765,0.00072681,0.140673,0.337929,1.54936,0.876175,0.0151733,1.47155,13.9686,12.3847,0.660834,0.0541846,1.24461,1.61858,0.381616,0.158468,0.00161953,0.0272484,2.12428,2.44666,0.0348159,0,0.00095471,0.0836753,1.43363,1.41787,0.119496,0.431026,10.9964,14.3807,1.67506,0.031252,1.02605,1.77035,0.271038,0.00269009,0,0.000456913,1.66746,2.91316,0.200378,0,0.0805617,0.338983,1.14234,1.52828,0.180564,0.0704063,8.79802,16.9496,3.76099,0,0.517432,1.69596,0.537216,0.195719,0.0101206,0,1.0602,3.12039,0.485651,0,0.00365257,0.0639182
90.650702948,0.26955,0.839053,0.147996,0,3.09656,17.2543,10.0984,0.178065,0.0144077,0.467211,0.625109,0.0608289,0.0117387,0,0.109351,2.45047,1.62001,0.00480765,0.00072681,0.130205,0.339311,1.59432,0.884474,0.0151733,1.22603,13.0065,11.362,0.676313,0.0541846,1.06355,1.37056,0.36762,0.162455,0.00161953,0.0220279,1.97627,2.19815,0.0356311,0,0.00095471,0.0847744,1.48906,1.467,0.119496,0.3798,10.4607,13.3729,1.62787,0.031252,0.908822,1.54654,0.25554,0.00113757,0,0.000452214,1.52197,2.60208,0.201214,0,0.0748812,0.277545,1.16532,1.56663,0.176843,0.0703603,8.45476,16.0252,3.55625,0,0.456423,1.43643,0.513384,0.201016,0.00974416,0,0.97645,2.86222,0.472214,0,0.00365257,0.047807
92.136780045,0.261169,0.714706,0.150009,0,3.01513,16.2264,9.45238,0.158098,0.0146829,0.386654,0.597808,0.0501047,0.0117387,0,0.103501,2.33265,1.5613,0.00486335,0.00072681,0.101824,0.309555,1.35955,0.765511,0.0151733,1.24427,12.2147,10.8082,0.637891,0.0548775,0.874534,1.18859,0.27146,0.139459,0.00161953,0.0206605,1.75378,2.02651,0.0313064,0,0.00095471,0.0637579,1.24768,1.23017,0.119496,0.38963,9.66653,12.7421,1.49502,0.031252,0.701673,1.22989,0.13882,0.00113757,0,0.000452214,1.35437,2.44731,0.175293,0,0.0569211,0.229117,1.01538,1.33897,0.177629,0.0731396,7.39894,14.5982,3.02082,0,0.463417,1.45397,0.519126,0.167558,0.00974416,0,0.831981,2.60007,0.39548,0,0.00365257,0.0477961
93.622857143,0.197034,0.603382,0.135944,0,2.72432,15.028,8.85479,0.158072,0.0146829,0.307368,0.528034,0.0511845,0.0120305,0,0.100404,2.22723,1.5372,0.00477985,0.00072681,0.0831807,0.196083,1.13166,0.60465,0.0151733,1.15049,11.5615,10.3468,0.67343,0.0433479,0.701271,1.00527,0.267929,0.127532,0.00161953,0.0213598,1.74254,1.98834,0.0331566,0,0.00095471,0.0332387,1.12492,1.06177,0.121369,0.348758,9.05866,11.7359,1.50904,0.031252,0.713823,1.27805,0.150866,0.00113757,0,0.000452214,1.33088,2.29832,0.181463,0,0.0578413,0.228992,0.920746,1.1482,0.166519,0.063311,7.31215,13.8761,3.07729,0,0.367564,1.2403,0.42348,0.145233,0.0101945,0,0.837461,2.51862,0.405454,0,0.00365257,0.0392568
95.108934240,0.122476,0.489776,0.0941675,0,2.40332,13.347,7.69793,0.106299,0.00779267,0.241844,0.393597,0.044711,0.00623176,0,0.099157,2.11087,1.40334,0.00559483,0.000330853,0.0710281,0.137788,0.948157,0.460692,0.0151733,1.07576,10.4531,9.05015,0.443857,0.00708863,0.527654,0.808892,0.230902,0.0943634,0.00161953,0.0209353,1.63492,1.83354,0.0324482,0,0.00095471,0.0332387,0.916831,0.807516,0.0605871,0.327339,8.16134,10.297,1.16664,0.031252,0.577171,1.11914,0.108983,0.00113757,0,0.000452214,1.21471,2.08945,0.15005,0,0.0466412,0.225897,0.743865,0.906952,0.0923509,0.0661343,6.42749,12.2796,2.57898,0,0.238773,1.01014,0.266689,0.122105,0.0093926,0,0.808207,2.40052,0.356301,0,0.00365257,0.0401961
96.595011338,0.121331,0.400971,0.0578807,0,2.32015,12.3147,7.306,0.0895803,0.00369663,0.187036,0.3184,0.0404375,0.00435642,0,0.105864,1.91222,1.36179,0.00426918,0.000330853,0.0742044,0.138821,0.768638,0.349972,0.00106788,0.894384,9.24529,8.21671,0.362043,0.00708863,0.544181,0.848528,0.188174,0.0725564,0.000402801,0.024102,1.52381,1.71404,0.0319831,0,0.00057593,0.0332387,0.743424,0.634379,0.0187708,0.237618,7.38546,9.689,1.03199,0.0021229,0.422216,0.89226,0.116665,0.00113757,0,0.000608318,1.19298,2.06376,0.150337,0,0.0328043,0.189914,0.552458,0.685807,0.035875,0.0349006,6.02176,11.6209,2.52497,0,0.17121,0.797106,0.234676,0.109974,0.00372727,0,0.787334,2.22867,0.356552,0,0.000958033,0.032126
98.081088435,0.127626,0.416413,0.047754,0,1.77724,10.7892,6.24498,0.0911058,0.00369663,0.198727,0.333614,0.0412222,0.00435642,0,0.0856157,1.67265,1.12914,0.00498977,0.000330853,0.0609434,0.150032,0.804119,0.358292,0.00106788,0.664267,8.34172,7.28221,0.366486,0.00708863,0.394784,0.65009,0.196298,0.077941,0.000402801,0.0199703,1.41556,1.53248,0.0339529,0,0.00057593,0.039784,0.784099,0.664071,0.0187708,0.195496,6.84134,8.71814,0.95823,0.0021229,0.317414,0.721131,0.130029,0.000884242,0,0.000545796,1.06167,1.81343,0.152595,0,0.0284732,0.135067,0.574292,0.713407,0.0339694,0.0345512,5.56489,10.5641,2.23109,0,0.127208,0.616798,0.234421,0.114486,0.00356287,0,0.681787,1.99269,0.343754,0,0.000958033,0.034364
99.567165533,0.142253,0.367502,0.0497672,0,1.69957,10.0458,5.72839,0.0772827,0.00369663,0.19004,0.344451,0.0368165,0.00435642,0,0.0833084,1.61043,1.08671,0.0049924,0.000330853,0.0583715,0.164312,0.629548,0.259671,0.00106788,0.677906,7.76543,6.84766,0.334159,0.00708863,0.378275,0.658357,0.170368,0.0622623,0.000402801,0.0206555,1.24151,1.39513,0.0302246,0,0.00057593,0.0374829,0.600943,0.473595,0.0187708,0.198124,6.14985,8.14377,0.822548,0.0021229,0.300172,0.704359,0.130029,0.000884242,0,0.00097065,0.922675,1.69787,0.13247,0,0.0306234,0.135634,0.495319,0.530548,0.0344427,0.0354417,4.55485,9.16499,1.72145,0,0.136544,0.647534,0.261503,0.0854045,0.00378649,7.56636e-07,0.558731,1.74283,0.274181,0,0.000958033,0.029047
101.053242630,0.148827,0.36628,0.0482373,0,1.49441,9.45112,5.43592,0.0814454,0.00346828,0.188294,0.35287,0.0370161,0.00435642,0,0.0806224,1.57163,1.05442,0.00476831,0.000330853,0.0560373,0.16214,0.633129,0.246998,0.00106788,0.59876,7.40678,6.56976,0.364527,0.00567481,0.354057,0.616823,0.174361,0.060907,0.000402801,0.0205678,1.25404,1.3836,0.0316736,0,0.00057593,0.0374829,0.615577,0.460733,0.0187708,0.17209,5.76861,7.55775,0.852449,0.0021229,0.300172,0.722755,0.134644,0.000884242,0,0.00097065,0.915477,1.59463,0.135527,0,0.0306234,0.137951,0.5121,0.522313,0.0334928,0.0285489,4.55436,8.83672,1.78813,0,0.127388,0.644643,0.277484,0.0844835,0.00378649,7.56636e-07,0.57146,1.72829,0.280192,0,0.000958033,0.0287004
102.539319728,0.133568,0.346272,0.0418622,0,1.51504,9.23342,5.18608,0.0598054,0.00290102,0.175621,0.305617,0.0344887,0.00303876,0,0.0776061,1.55906,1.0256,0.00577273,0.000109661,0.0528755,0.15332,0.601664,0.231722,0.00106788,0.635758,7.14381,6.1287,0.2704,0.00567481,0.367026,0.652163,0.166898,0.0570159,0.000402801,0.0197875,1.20987,1.35503,0.0271333,0,0.00057593,0.0374829,0.578849,0.432379,0.0139717,0.188209,5.55615,7.24984,0.716298,0.0021229,0.282913,0.711965,0.123012,0.000884242,0,0.00097065,0.888397,1.60134,0.119054,0,0.0286676,0.143503,0.48081,0.493868,0.0271681,0.0313343,4.18875,8.44412,1.64025,0,0.109282,0.624567,0.241919,0.080571,0.00294016,7.56636e-07,0.54208,1.71189,0.260411,0,0.000958033,0.0291254
104.025396825,0.133306,0.326052,0.0396632,0,1.49195,8.77205,5.05203,0.0553898,0.000736927,0.147486,0.27883,0.0219414,0.00252097,0,0.0845818,1.48409,0.997463,0.00398625,0.000109661,0.0548307,0.153468,0.562338,0.220954,0.000451919,0.575354,6.67626,5.87072,0.249477,0.00403822,0.345608,0.601478,0.156757,0.0531223,0.000142318,0.0233198,1.17979,1.31116,0.0240858,0,0,0.0374829,0.547043,0.414106,0.0119529,0.1493,5.23258,6.94917,0.698202,0.000905535,0.270851,0.65323,0.124187,0.000884242,0,0.00111411,0.872218,1.54485,0.122192,0,0.0291581,0.133649,0.438319,0.456997,0.0240333,0.0231175,4.05343,8.10981,1.62,0,0.105487,0.557197,0.232457,0.0771174,0.00249066,7.56636e-07,0.557879,1.67558,0.267449,0,0.000633957,0.0234177
105.511473923,0.133938,0.334441,0.0327938,0,1.28046,8.219,4.61827,0.0584886,0.000736927,0.149819,0.278919,0.0220097,0.00252097,0,0.0694191,1.39276,0.895128,0.00398625,0.000109661,0.0472254,0.153404,0.584397,0.225012,0.000451919,0.502539,6.38884,5.5113,0.253621,0.00403822,0.291435,0.520842,0.150852,0.0561965,0.000142318,0.0161762,1.10536,1.20793,0.0245109,0,0,0.0384684,0.572695,0.43597,0.0119529,0.140752,5.10982,6.66273,0.69652,0.000905535,0.234244,0.578074,0.115117,0,0,0.00108454,0.821572,1.44872,0.119204,0,0.0236928,0.11294,0.44978,0.473461,0.0229813,0.0233898,3.92711,7.79759,1.55055,0,0.0925832,0.500897,0.223873,0.0800708,0.00204573,7.56636e-07,0.50088,1.54557,0.246978,0,0.000633957,0.0239803
106.997551020,0.122025,0.288936,0.0336849,0,1.31148,8.18979,4.62316,0.0498418,0.0016326,0.134691,0.268578,0.0153971,0.00177346,0,0.076213,1.36344,0.898855,0.00398321,0.000109661,0.0408248,0.14004,0.512787,0.193064,0.000451919,0.526329,6.25556,5.44407,0.242457,0.00490704,0.255784,0.467923,0.117081,0.045526,0.000142318,0.0161804,1.01631,1.14485,0.0241235,0,0,0.0286255,0.486658,0.356625,0.0119529,0.146881,4.88141,6.53829,0.654843,0.000905535,0.181293,0.480761,0.0702406,0,0,0.00108454,0.750393,1.37387,0.101394,0,0.0243694,0.108401,0.400123,0.399179,0.0231722,0.0248879,3.6146,7.42804,1.38649,0,0.0943773,0.504798,0.222166,0.067465,0.00204573,7.56636e-07,0.490949,1.50463,0.242731,0,0.000633957,0.0148657
108.483628118,0.0994461,0.264658,0.0321828,0,1.24073,8.0721,4.68762,0.0786604,0.00885973,0.169252,0.323309,0.0153971,0.00177346,0,0.0643941,1.29661,0.871397,0.00395305,0.000109661,0.0350955,0.0961722,0.476377,0.182175,0.00175244,0.494638,6.30339,5.75981,0.353486,0.00285913,0.222797,0.411303,0.121466,0.0473006,0.000142318,0.0155596,1.00173,1.123,0.0244347,0,0,0.0179226,0.47995,0.362,0.0243922,0.133781,4.87231,6.56752,0.833939,0.000905535,0.199213,0.508475,0.0763907,0,0,0.00107692,0.728237,1.26575,0.1064,0,0.0187215,0.0983255,0.389605,0.400023,0.0396917,0.0210674,3.70651,7.41018,1.54863,0,0.0844411,0.469207,0.196299,0.0626037,0.00324673,7.56636e-07,0.468527,1.4142,0.237329,0,0.000138254,0.0101885
109.969705215,0.0751679,0.23325,0.0224634,0,1.52838,8.81716,5.05729,0.0685672,0.00839802,0.156397,0.276664,0.0127468,0.000415248,0,0.0733569,1.48032,1.01657,0.00870134,0.00224493,0.0461731,0.100916,0.422874,0.156521,0.00175244,0.686446,6.75611,5.88776,0.294174,0.0405266,0.386775,0.576905,0.108147,0.0404749,0.000142318,0.0173562,1.03898,1.22128,0.0244884,0,0,0.0179226,0.413682,0.311208,0.0157667,0.206855,5.20676,6.84107,0.738806,0.0234729,0.301686,0.632395,0.0637372,0,0,0.00126075,0.777556,1.41756,0.113794,0,0.028965,0.128932,0.332639,0.347191,0.0275775,0.0360027,3.94687,7.89797,1.58117,0.00231289,0.12521,0.565735,0.158453,0.0565561,0.00223291,7.56636e-07,0.489488,1.54735,0.246858,0,0.000138254,0.0101885
111.455782313,0.0728163,0.227564,0.0318312,0,1.62778,8.83569,5.23852,0.0724702,0.00878366,0.194833,0.343328,0.025938,0.000291885,0,0.111822,1.59418,1.13808,0.0118618,0.00257582,0.0786875,0.112512,0.481765,0.22709,0.0154489,0.656317,6.50449,5.86358,0.30833,0.0406311,0.492087,0.673926,0.183845,0.0846608,0.0101964,0.0372251,1.2213,1.42133,0.0513915,0,0,0.0179226,0.498166,0.438695,0.0543292,0.164095,5.1393,6.90924,0.866349,0.0238013,0.399627,0.746617,0.110862,0,0,0.00126075,0.888518,1.5113,0.160877,0.000311298,0.0594383,0.181303,0.404258,0.460035,0.0700217,0.0275298,4.1551,8.15582,1.85449,0.00231289,0.122573,0.503258,0.152085,0.0776082,0.0122898,7.56636e-07,0.646486,1.76028,0.358946,0,0,0.00693209
112.941859410,0.0900353,0.251702,0.0320768,0,1.48155,8.46009,4.93036,0.0740539,0.00878366,0.200709,0.337792,0.0253763,0.000291885,0,0.12111,1.71273,1.27098,0.0438977,0.00501812,0.128445,0.180706,0.577402,0.287337,0.0160537,0.622002,6.21089,5.4903,0.293109,0.0406311,0.546129,0.755669,0.286534,0.162006,0.0109787,0.0349101,1.19261,1.36567,0.0465979,0,0,0.0478382,0.637042,0.562283,0.0555758,0.173583,5.04251,6.67098,0.823372,0.0238013,0.368745,0.687931,0.109688,0,0,0.00443107,0.982051,1.7003,0.204246,0.000311298,0.0564463,0.180949,0.491343,0.578026,0.0712165,0.0264216,3.98385,7.74727,1.72689,0.00274056,0.156519,0.590287,0.208082,0.143048,0.0157838,0.00184964,0.62688,1.72466,0.329315,0,0,0.00693209
114.427936508,0.114402,0.22004,0.0308039,0,1.5641,8.46053,4.97853,0.0728412,0.00878366,0.204039,0.343477,0.0250608,0.000291885,0,0.152622,1.85437,1.4257,0.0514431,0.0286005,0.212543,0.264462,0.576299,0.293196,0.0160537,0.640976,5.99308,5.358,0.279497,0.0413483,0.559737,0.770586,0.34899,0.249717,0.0176886,0.0525759,1.35694,1.58764,0.109609,0,0.0113565,0.0810635,0.670319,0.582914,0.0555758,0.17412,4.87033,6.57732,0.80138,0.0238013,0.45661,0.835887,0.172286,0,0,0.0212487,1.10023,1.85478,0.238128,0.000311298,0.120005,0.273507,0.54152,0.581443,0.0724655,0.0269331,3.70292,7.31552,1.61005,0.00274056,0.214205,0.709963,0.318252,0.236321,0.0564414,0.00184964,0.762954,1.97578,0.444661,0,0.000274845,0.00435197
115.914013605,0.116057,0.210061,0.0287903,0,1.50685,8.30353,4.90888,0.0730784,0.00850844,0.197452,0.320085,0.0354072,0.00133867,0,0.149715,1.96051,1.54189,0.0765595,0.0286005,0.243188,0.270449,0.616282,0.326013,0.0160537,0.606438,5.69963,5.0927,0.281918,0.0434066,0.615948,0.766404,0.419486,0.340154,0.050755,0.0552722,1.43818,1.68464,0.145319,0,0.025329,0.112319,0.683216,0.592591,0.0565075,0.171153,4.72845,6.28275,0.792461,0.0238013,0.500742,0.892681,0.199184,0.0090071,0,0.0218141,1.1197,1.9517,0.280981,0.00405125,0.171584,0.346338,0.572794,0.627006,0.0757419,0.0241539,3.63796,7.02612,1.6124,0.00274056,0.228313,0.752968,0.36241,0.327252,0.0996182,0.00469943,0.792441,2.0815,0.483767,0.00268898,0.000274845,0.0282634
117.400090703,0.109182,0.187524,0.0241138,0,1.60174,8.37696,4.98424,0.0691696,0.00850844,0.191667,0.294984,0.0343273,0.00104678,0,0.161549,1.96344,1.57414,0.079295,0.0664643,0.385774,0.351369,0.593625,0.360496,0.0175561,0.603811,5.36672,4.73683,0.244966,0.0817771,0.725649,0.84566,0.408897,0.337292,0.050755,0.0589636,1.439,1.73605,0.145972,0,0.0341563,0.119624,0.641138,0.574207,0.0546345,0.186735,4.73257,6.32681,0.791522,0.0245728,0.509359,0.890496,0.188999,0.014831,0,0.0218141,1.14971,2.01937,0.300446,0.0311961,0.28453,0.459564,0.545674,0.651411,0.0956994,0.0241708,3.38976,6.65868,1.52052,0.00274056,0.256483,0.756816,0.333954,0.34046,0.0998331,0.00529628,0.823166,2.14523,0.512641,0.00268898,0.00214175,0.0389358
118.886167800,0.108979,0.187524,0.0241138,0,1.66255,8.45094,4.96558,0.090848,0.00850844,0.191667,0.294984,0.0343273,0.00104678,0,0.161549,1.87205,1.51833,0.07869,0.0781492,0.520802,0.416993,0.654049,0.455777,0.0497111,0.556971,4.968,4.46625,0.234599,0.13555,0.795465,0.81028,0.517546,0.507506,0.102368,0.0605951,1.43432,1.7625,0.170232,0,0.0341563,0.119624,0.656488,0.583405,0.0558217,0.175126,4.84238,6.3292,0.809772,0.0247168,0.50676,0.868528,0.193572,0.014831,0,0.0226402,1.18072,1.99777,0.31214,0.0373964,0.40731,0.487245,0.591121,0.761784,0.162555,0.0213476,3.22878,6.28247,1.48951,0.0049529,0.32438,0.782836,0.361467,0.479261,0.155673,0.00697398,0.814647,2.08896,0.536834,0.00268898,0.00214175,0.0379965
120.372244898,0.10816,0.167011,0.0241138,0,1.53602,8.11759,4.86574,0.0908805,0.00907525,0.177899,0.277968,0.0320363,0.00303737,0,0.154842,1.79723,1.45303,0.07869,0.0781492,0.515415,0.41596,0.615869,0.452919,0.0560277,0.522315,4.68957,4.16567,0.226616,0.13555,0.815928,0.859792,0.610386,0.657849,0.109877,0.0574285,1.34927,1.66361,0.166881,6.97273e-05,0.0351891,0.123438,0.621322,0.560917,0.0558217,0.223177,4.84203,6.40863,0.834736,0.0247168,0.482533,0.823808,0.18589,0.014831,0,0.0322176,1.17134,1.96455,0.308163,0.0373964,0.410785,0.582287,0.630323,0.862332,0.225759,0.0213476,2.98093,5.81722,1.34537,0.0298059,0.416428,0.865463,0.399307,0.616973,0.219478,0.00987423,0.76473,1.9803,0.515898,0.00268898,0.00214175,0.0379965
121.858321995,0.111911,0.145905,0.0251613,6.85507e-05,1.48381,7.58012,4.57966,0.0942554,0.010384,0.166296,0.262754,0.0312516,0.00303737,0.00500301,0.276973,1.85022,1.44103,0.0779694,0.0781492,0.5115,0.40398,0.576129,0.435014,0.0560383,0.507485,4.24085,3.81298,0.222172,0.13555,0.795795,0.824178,0.59212,0.650889,0.109877,0.0574285,1.29103,1.61231,0.16853,0.000901563,0.0352417,0.116893,0.580575,0.526323,0.0558217,0.215709,4.47171,5.97782,0.80231,0.0247168,0.464286,0.782876,0.163275,0.014831,0,0.0322176,1.1218,1.87076,0.297049,0.0374861,0.410791,0.578976,0.605891,0.825123,0.228764,0.0316063,2.69702,5.29958,1.22829,0.0298059,0.411981,0.824243,0.390186,0.609769,0.219478,0.00987423,0.734771,1.888,0.493204,0.00268898,0.00214175,0.0357585
123.344399093,0.18588,0.2325,0.0665134,6.85507e-05,1.46377,7.41878,4.69423,0.175908,0.0214168,0.188998,0.251592,0.0398513,0.00837867,0.00500301,0.283293,1.94763,1.52077,0.0842801,0.0781492,0.511307,0.392036,0.705464,0.579041,0.0635438,0.492236,4.15799,3.82911,0.33995,0.140084,0.798618,0.809305,0.612345,0.674371,0.109877,0.0561772,1.45091,1.78615,0.221848,0.000901563,0.0352417,0.109916,0.710525,0.732527,0.118835,0.21308,4.37129,5.737,0.819148,0.0253988,0.490564,0.85,0.206097,0.0164168,0,0.0317928,1.27405,2.08191,0.426057,0.0395189,0.407157,0.571645,0.716767,1.0348,0.322604,0.0308655,2.69549,5.02182,1.2261,0.0298059,0.402645,0.797197,0.38644,0.628027,0.219254,0.00987348,0.801543,1.89303,0.494786,0.00268898,0.0447301,0.104849
124.830476190,0.178295,0.226478,0.0665134,6.85507e-05,2.08529,9.48723,5.85874,0.189336,0.0214168,0.223908,0.345884,0.0395982,0.00837867,0.00500301,0.289739,2.1737,1.64666,0.0842801,0.0781492,0.520199,0.414958,0.688805,0.579041,0.0635438,0.86329,5.57227,5.01965,0.363482,0.19223,1.02601,1.03473,0.607737,0.674371,0.109877,0.0561772,1.52912,2.00974,0.223628,0.000901563,0.0352417,0.109916,0.691722,0.729975,0.118835,0.346321,5.33933,7.06125,0.957134,0.0595518,0.67287,1.07393,0.201482,0.0164168,0,0.0317928,1.3501,2.31373,0.45228,0.0395189,0.42125,0.609307,0.69977,1.02857,0.322604,0.0606918,3.34065,6.52168,1.61846,0.0337936,0.490773,1.0084,0.389739,0.627393,0.219254,0.00987348,0.835484,2.16204,0.533577,0.00268898,0.0447301,0.104849
126.316553288,0.17946,0.329798,0.102899,6.85507e-05,2.60347,10.973,7.01801,0.191463,0.0214168,0.295435,0.427938,0.067929,0.014904,0.00500301,0.28739,2.17524,1.65547,0.0832756,0.0781492,0.534686,0.411242,0.911728,0.744336,0.0941078,1.00046,6.35861,5.92955,0.417923,0.19223,1.22654,1.24913,0.687135,0.6918,0.109877,0.0554647,1.66254,2.10643,0.223628,0.000901563,0.0352417,0.109916,0.931873,0.991816,0.181263,0.330202,5.96937,8.05559,1.28094,0.0595518,0.853649,1.3125,0.235575,0.0164168,0,0.0317928,1.51795,2.42675,0.446376,0.0395189,0.42125,0.600007,0.906294,1.30078,0.392855,0.0579064,4.31375,8.17709,2.38331,0.0337936,0.490773,0.975112,0.385146,0.642027,0.224408,0.00987348,0.955868,2.23819,0.535939,0.00268898,0.0475371,0.112311
127.802630385,0.20578,0.436576,0.102899,6.85507e-05,2.69826,12.2071,7.63162,0.257843,0.0214168,0.374997,0.471705,0.0761659,0.014904,0.00500301,0.300894,2.4393,1.83565,0.0832756,0.0781492,0.549295,0.452585,1.11966,0.90804,0.0941078,1.14065,7.39694,6.57034,0.410122,0.19223,1.42993,1.44195,0.749302,0.708054,0.109877,0.0519324,1.77529,2.28076,0.220383,0.000901563,0.0352417,0.136662,1.12667,1.22343,0.181263,0.413957,7.04614,9.31521,1.38572,0.0595518,0.836661,1.28241,0.2344,0.0164168,0,0.0316493,1.60958,2.64186,0.457054,0.0395189,0.419783,0.656517,1.01176,1.54256,0.392855,0.0579064,4.81285,9.15904,2.49006,0.0337936,0.580033,1.21625,0.419096,0.659146,0.224408,0.00987348,0.948595,2.40524,0.562654,0.00268898,0.0475371,0.13116
129.288707483,0.282032,0.547575,0.124735,6.85507e-05,3.09545,13.6346,8.62534,0.274312,0.0214168,0.451853,0.566566,0.0760976,0.014904,0.00500301,0.306303,2.52606,1.93486,0.0854445,0.0781492,0.565986,0.55399,1.34288,1.08625,0.0941078,1.19596,8.46163,7.88092,0.566923,0.19223,1.42611,1.4397,0.756917,0.722133,0.109877,0.0519324,1.90485,2.49318,0.236308,0.000901563,0.0352417,0.156956,1.25565,1.397,0.18918,0.40555,7.58191,10.2348,1.52174,0.0595518,1.04464,1.57314,0.334654,0.0164168,0,0.0316493,1.67104,2.75775,0.455892,0.0395189,0.434528,0.68308,1.13641,1.75978,0.449228,0.0575649,5.42766,10.2965,2.84204,0.0337936,0.71214,1.4499,0.542319,0.676386,0.224408,0.00987348,1.04715,2.66791,0.652949,0.00268898,0.0475371,0.138119
130.774784580,0.338016,0.638328,0.163879,6.85507e-05,3.26524,15.156,9.55791,0.3463,0.0205211,0.439656,0.552441,0.0792679,0.0175453,0.00500301,0.323645,2.7041,1.99443,0.0854429,0.0781492,0.563064,0.562391,1.53347,1.24807,0.103946,1.28972,9.68076,8.82523,0.80708,0.235445,1.62124,1.61023,0.790995,0.750109,0.109877,0.0552509,1.98699,2.49021,0.236083,0.000901563,0.0352417,0.156956,1.45986,1.64703,0.258338,0.522936,8.788,11.3529,1.78288,0.0656207,1.1967,1.774,0.366189,0.0164168,0,0.0316493,1.7682,2.81714,0.457215,0.0395189,0.447839,0.69929,1.31974,2.03144,0.551364,0.100152,6.20918,11.3615,2.94553,0.0337936,0.852911,1.71563,0.686117,0.697973,0.22525,0.00987348,1.04773,2.68084,0.635097,0.00268898,0.0475371,0.138109
132.260861678,0.325051,0.619392,0.156998,6.85507e-05,3.93453,17.1586,10.5068,0.317121,0.0221845,0.455716,0.585312,0.0792679,0.0175453,0.00500301,0.333303,2.94308,2.10026,0.0854429,0.0785837,0.575226,0.590294,1.48981,1.21411,0.102646,1.69365,11.0621,9.67166,0.71693,0.287717,1.84689,1.83048,0.78165,0.742805,0.109877,0.0554677,2.07005,2.70475,0.23925,0.000901563,0.0352417,0.156956,1.41454,1.59569,0.245899,0.66285,9.79441,12.487,1.77381,0.100253,1.3622,1.98807,0.360039,0.0164168,0,0.0316493,1.85139,3.06448,0.488127,0.0395189,0.460049,0.736663,1.27823,1.97296,0.531011,0.128574,6.97847,12.9241,3.2985,0.0386232,0.928109,1.89609,0.662276,0.692205,0.224049,0.00987348,1.10078,2.9976,0.688139,0.00268898,0.0475371,0.138109
133.746938776,0.325683,0.717574,0.19171,6.85507e-05,4.1736,17.772,11.1612,0.329794,0.0221845,0.521423,0.67135,0.106193,0.02316,0.00500301,0.320632,2.77006,1.98228,0.0811621,0.0763388,0.577156,0.57079,1.70055,1.3692,0.131135,1.66489,11.205,10.1505,0.792288,0.25005,1.90316,1.92572,0.864197,0.762913,0.110798,0.0526452,2.13326,2.69438,0.239352,0.000901563,0.0352417,0.156956,1.63511,1.83305,0.302246,0.589776,9.92795,12.9687,2.09636,0.0776853,1.42001,2.09222,0.396801,0.0164168,0,0.0314655,1.94176,3.03824,0.472759,0.0395189,0.446941,0.700473,1.47259,2.22835,0.59701,0.113639,7.49008,13.853,3.8966,0.0363104,0.864339,1.73846,0.664812,0.705658,0.228805,0.00987348,1.18095,2.94603,0.671889,0.00268898,0.0488195,0.141733
135.233015873,0.336724,0.764051,0.181421,6.85507e-05,4.12217,18.2774,11.3598,0.374989,0.0217989,0.488577,0.60873,0.118102,0.02316,0.00500301,0.30991,2.85481,2.01047,0.0766485,0.0760079,0.546292,0.593468,1.83881,1.46297,0.116986,1.7678,11.9619,10.599,0.764829,0.248648,1.77776,1.76353,0.798671,0.733748,0.100602,0.0354864,2.14019,2.69145,0.212449,0.000901563,0.0352417,0.187139,1.73221,1.92537,0.262229,0.672717,10.8184,13.9704,2.10609,0.0764513,1.29718,1.8941,0.349676,0.0164168,0,0.0314655,1.94438,3.14947,0.439211,0.0392076,0.418744,0.702246,1.48084,2.33425,0.552443,0.113639,7.69803,14.3201,3.76816,0.0363104,0.955695,1.99031,0.701994,0.708798,0.21839,0.00987348,1.04712,2.90895,0.606889,0.00268898,0.0488195,0.159542
136.719092971,0.335051,0.746328,0.18271,6.85507e-05,4.43166,19.291,12.075,0.382236,0.0221041,0.500697,0.628077,0.118102,0.02316,0.00500301,0.294292,2.74997,1.92169,0.0456619,0.0735656,0.496934,0.533897,1.75112,1.41346,0.116381,1.78778,12.7535,11.571,0.88932,0.248648,1.67773,1.62309,0.694813,0.657475,0.0998197,0.032815,2.1705,2.81006,0.227223,0.000901563,0.0352417,0.157223,1.59548,1.81269,0.261202,0.644149,11.0451,14.406,2.20025,0.0764513,1.30978,1.90435,0.349676,0.0164168,0,0.0279427,1.8759,3.00401,0.401557,0.0392076,0.419674,0.68801,1.39343,2.22659,0.554101,0.113639,8.19937,15.1733,4.07009,0.0358827,0.920897,1.85639,0.644822,0.644122,0.214896,0.00802459,1.14584,3.08926,0.690918,0.00268898,0.0488195,0.160875
138.205170068,0.309532,0.741106,0.18271,6.85507e-05,4.45842,20.2727,12.6376,0.429299,0.0221041,0.489331,0.616957,0.118102,0.02316,0.00500301,0.277278,2.747,1.84139,0.0381165,0.0499832,0.410186,0.447419,1.69735,1.379,0.116381,1.84612,13.7342,12.3227,1.06857,0.278407,1.79213,1.70945,0.621393,0.56281,0.0931097,0.0162434,2.02202,2.56493,0.164525,0.000901563,0.0238852,0.122899,1.50677,1.73422,0.261202,0.735753,11.9292,15.1874,2.36813,0.0787516,1.32407,1.87821,0.302713,0.0164168,0,0.011125,1.78891,2.86504,0.360469,0.0392076,0.367228,0.606739,1.31398,2.16547,0.552852,0.143133,8.86092,16.1373,4.13795,0.0358827,0.9733,1.93555,0.621274,0.54054,0.174239,0.00802459,1.00391,2.82391,0.561595,0.00268898,0.0485447,0.160875
139.691247166,0.346165,0.820872,0.219133,6.85507e-05,4.9476,21.5537,13.4019,0.42861,0.0320548,0.551194,0.705702,0.111697,0.0258037,0.00500301,0.27466,2.71683,1.81558,0.0129444,0.0508844,0.388281,0.457465,1.77882,1.46228,0.12187,2.12715,14.6726,13.1872,1.07852,0.317189,1.88212,1.81841,0.575775,0.49555,0.0600434,0.0138366,2.04222,2.67903,0.130206,0.000901563,0.00991267,0.0893278,1.6126,1.88069,0.304675,0.812427,12.3835,15.9515,2.48806,0.106198,1.41834,1.99431,0.275815,0.00740969,0,0.0105597,1.83414,2.88173,0.337875,0.0354676,0.328759,0.565004,1.38624,2.28145,0.61466,0.157467,9.36405,17.3547,4.46185,0.0358827,0.952198,1.875,0.582021,0.462444,0.132477,0.0051748,1.00949,2.92777,0.549268,0,0.0485447,0.136963
141.177324263,0.334575,0.898888,0.253315,6.85507e-05,5.36061,23.4458,14.6375,0.44492,0.0320548,0.619314,0.790925,0.136336,0.0322458,0.00500301,0.265787,2.89018,1.83916,0.0111761,0.0130206,0.263969,0.368976,1.94446,1.56516,0.149897,2.29589,16.2446,14.6842,1.17235,0.278818,1.98383,1.98718,0.648134,0.518842,0.0618662,0.00944578,2.17441,2.74287,0.131794,0.000901563,0.00108543,0.0820227,1.79124,2.0777,0.356643,0.818922,13.4502,17.3026,2.76664,0.105426,1.55452,2.20528,0.304732,0.00158575,0,0.0105597,1.98021,3.03143,0.324553,0.00832277,0.214893,0.448377,1.53819,2.46135,0.659676,0.164943,10.5367,19.318,5.16891,0.0392081,0.995544,1.99948,0.583148,0.460484,0.138179,0.00457796,1.09454,3.01393,0.533385,0,0.0488895,0.131334
142.663401361,0.362102,1.0312,0.253315,6.85507e-05,5.4348,24.4881,15.3256,0.486287,0.0320548,0.706183,0.846422,0.147376,0.0322458,0.00500301,0.297486,3.28246,2.10463,0.0109662,0.00133566,0.15244,0.346749,2.12681,1.63789,0.117742,2.47111,17.5238,15.5844,1.17235,0.225045,2.13047,2.21064,0.61449,0.3712,0.010253,0.0128351,2.35276,2.94426,0.107534,0.000901563,0.00108543,0.107871,2.00717,2.32054,0.355456,0.893602,14.3046,18.5403,2.88843,0.105282,1.5509,2.18927,0.300158,0.00158575,0,0.00973353,2.07683,3.29693,0.330905,0.0021225,0.0975624,0.481038,1.62621,2.61831,0.59282,0.164943,11.24,20.6846,5.39539,0.0369958,1.01507,2.18857,0.586247,0.348865,0.082339,0.00290026,1.14473,3.2924,0.558374,0,0.0488895,0.150197
144.149478458,0.43997,1.15761,0.27568,6.85507e-05,5.85593,26.0922,16.2054,0.501179,0.031488,0.785298,0.93399,0.144085,0.0302552,0.00500301,0.308013,3.39906,2.23256,0.0127178,0.00133566,0.15244,0.431762,2.38451,1.83128,0.111426,2.54049,18.8619,17.087,1.32722,0.225045,2.08399,2.11999,0.515694,0.236839,0.00274437,0.0128351,2.50497,3.14245,0.124606,0.000831835,5.2621e-05,0.128602,2.16862,2.52371,0.361752,0.843545,14.8871,19.3357,2.96621,0.105282,1.76238,2.48722,0.403679,0.00158575,0,0,2.14449,3.40189,0.335904,0.0021225,0.110955,0.406086,1.69585,2.74188,0.588098,0.164943,11.9912,22.1211,5.80616,0.0121427,1.06122,2.37346,0.680122,0.236407,0.0185344,0,1.26736,3.56097,0.639435,0,0.0488895,0.159179
145.635555556,0.429924,1.15342,0.274632,0,6.08799,28.0929,17.4437,0.575588,0.0301792,0.78521,0.93399,0.144085,0.0302552,0,0.208241,3.58102,2.3224,0.0127178,0.00133566,0.175317,0.457539,2.38403,1.83113,0.111415,2.65077,20.4277,18.3492,1.58763,0.269086,2.29263,2.29916,0.515694,0.236839,0.00274437,0.0154352,2.68816,3.27528,0.122546,0,0,0.128602,2.16862,2.52371,0.361752,0.964318,16.3283,20.8061,3.23842,0.109931,1.91456,2.68182,0.436388,0.00158575,0,0,2.2813,3.60639,0.343574,0.00203277,0.123908,0.420689,1.69585,2.74168,0.585093,0.198127,12.9454,23.5774,5.96994,0.0121427,1.20201,2.63066,0.791178,0.236407,0.0185344,0,1.30158,3.74526,0.673699,0,0.0488895,0.159179
147.121632653,0.391302,1.1441,0.27296,0,6.74432,29.8797,18.3072,0.49391,0.0274263,0.828076,1.05441,0.1392,0.0282076,0,0.19579,3.57862,2.35021,0.00640453,0.00240108,0.189482,0.488636,2.39591,1.8313,0.113729,3.02261,21.4446,19.1516,1.49017,0.316384,2.51841,2.52483,0.527214,0.241838,0.00274437,0.0159341,2.64188,3.35846,0.0741939,0,0,0.128602,2.19415,2.5437,0.370422,1.07253,16.9816,21.8815,3.40524,0.145128,2.07585,2.85701,0.393565,0,0,0,2.22333,3.5756,0.252607,0,0.139399,0.465529,1.72977,2.77979,0.592291,0.214782,13.6645,25.3698,6.5029,0.0121427,1.20201,2.62697,0.790615,0.237995,0.0206004,0,1.28949,4.04856,0.729616,0,0.00630111,0.089987
148.607709751,0.391787,1.23942,0.305853,0,6.32024,28.9492,17.8753,0.491264,0.0274263,0.850618,1.01174,0.152466,0.0304278,0,0.198143,3.53604,2.2834,0.00681236,0.00240108,0.195969,0.464934,2.61187,1.98916,0.142488,2.68645,20.7109,18.5379,1.52826,0.264239,2.49123,2.52221,0.598519,0.261999,0.00360132,0.0159341,2.61619,3.17207,0.0729611,0,0,0.128602,2.41826,2.77661,0.42411,0.973079,16.9924,21.7816,3.559,0.110975,1.89355,2.61469,0.393565,0,0,0,2.28897,3.52194,0.230532,0,0.125305,0.42555,1.9265,3.04153,0.659186,0.196227,13.6506,24.8867,6.55849,0.0129729,1.20117,2.61919,0.784672,0.252736,0.0256878,0,1.27601,3.78845,0.69476,0,0.0078996,0.0946143
150.093786848,0.397451,1.20537,0.270741,0,6.26623,29.1742,17.8133,0.537999,0.0274263,0.781821,0.930091,0.128211,0.0239024,0,0.221369,3.71565,2.41185,0.00681236,0.00240108,0.180975,0.482954,2.60755,1.97505,0.111924,2.82917,21.2949,18.8133,1.46347,0.264239,2.28454,2.27654,0.538601,0.256929,0.00360132,0.0182663,2.65771,3.31043,0.0729611,0,0,0.145976,2.37552,2.73637,0.361682,1.05057,17.4728,22.206,3.36114,0.110975,1.86508,2.58006,0.381895,0,0,0,2.24032,3.59934,0.241825,0,0.127794,0.484875,1.82701,3.0059,0.588936,0.196227,13.5797,24.8638,6.18868,0.0129729,1.28389,2.84151,0.808663,0.26648,0.0205343,0,1.27154,4.012,0.739966,0,0.00509265,0.0929674
151.579863946,0.372179,1.08317,0.27137,0,6.05085,27.6512,16.9594,0.47162,0.0280155,0.724861,0.902746,0.119453,0.0251033,0,0.208507,3.54736,2.38811,0.00681236,0.00240108,0.162676,0.441463,2.36219,1.80694,0.111924,2.64627,20.5099,18.4529,1.57576,0.264239,2.06279,2.05918,0.466412,0.240972,0.00360132,0.0183264,2.56172,3.20887,0.0845282,0,0,0.11923,2.14398,2.48355,0.361682,0.965148,16.7075,21.3225,3.33447,0.110975,1.87133,2.585,0.381895,0,0,0,2.15827,3.39928,0.22772,0,0.12814,0.421535,1.6921,2.74703,0.590462,0.196227,13.4901,24.5562,6.30069,0.0129729,1.19881,2.606,0.774713,0.245515,0.0205343,0,1.31566,3.90566,0.749115,0,0.00509265,0.0742297
153.065941043,0.295296,0.95632,0.248254,0,5.7753,26.5105,16.0657,0.452052,0.0280155,0.645673,0.807795,0.119453,0.0251033,0,0.213106,3.69523,2.34247,0.00847211,0.00240108,0.155692,0.348653,2.11304,1.61703,0.111924,2.6448,19.432,16.9902,1.41482,0.289665,2.17576,2.1413,0.454993,0.222524,0.00360132,0.0332218,2.66423,3.166,0.0730644,0,0,0.0979499,1.98933,2.28435,0.353765,0.965148,15.932,20.1179,3.1685,0.110975,1.66335,2.29427,0.281642,0,0,0.00259336,2.20701,3.39687,0.219655,0,0.148073,0.428083,1.55505,2.5059,0.534088,0.196227,12.7459,23.1481,5.88818,0.0129729,1.0639,2.34349,0.65012,0.223357,0.0205343,0,1.20543,3.65603,0.672392,0,0.00509265,0.0667082
154.552018141,0.298527,0.924475,0.236752,0,5.98041,25.9837,15.6569,0.380035,0.0419564,0.725388,0.926158,0.119364,0.0258242,0,0.198773,3.6431,2.38539,0.00847211,0.00256806,0.164956,0.365357,2.01387,1.54584,0.102085,2.82164,18.9533,16.6101,1.1692,0.276856,2.13698,2.17754,0.43398,0.208389,0.00360132,0.0300184,2.75332,3.4007,0.0940476,0,0,0.0979499,1.88813,2.1774,0.321181,0.935388,15.1006,19.6542,2.99599,0.128928,1.66622,2.35143,0.250106,0,0,0.00259336,2.25813,3.55551,0.262502,0,0.14335,0.443863,1.46113,2.37068,0.478439,0.169287,12.3621,23.224,6.04593,0.0129729,0.921333,2.07385,0.514329,0.210097,0.019939,0,1.26072,3.82014,0.69196,0,0.0241135,0.0947472
156.038095238,0.299772,1.02181,0.264427,0,5.44876,24.81,15.1899,0.396153,0.0330659,0.72584,0.902981,0.152968,0.0315519,0,0.189114,3.49737,2.31528,0.00847211,0.00213359,0.162675,0.335963,2.24936,1.66892,0.118043,2.4144,17.892,15.8961,1.22226,0.224584,2.11023,2.22635,0.503259,0.217721,0.00360132,0.0298015,2.70364,3.1993,0.0887363,0,0.000640198,0.0979499,2.09258,2.36552,0.358139,0.795474,14.8097,19.2583,3.08307,0.0942965,1.48817,2.11656,0.250106,0,0,0.00259336,2.23515,3.3974,0.227062,0,0.130057,0.40412,1.68701,2.60506,0.526819,0.140865,12.0451,22.3505,5.97265,0.00814332,0.907024,2.09792,0.534242,0.2193,0.0225556,0,1.2195,3.49704,0.637372,0,0.0262547,0.102271
157.524172336,0.330669,1.06977,0.249854,0,5.30221,24.5076,14.6829,0.376891,0.0330659,0.743014,0.876316,0.13988,0.0259372,0,0.197383,3.58851,2.34656,0.00800465,0.00213359,0.167066,0.383902,2.30485,1.66928,0.0895545,2.49192,18.1746,15.924,1.12827,0.224584,1.88999,1.96782,0.437448,0.209498,0.00267974,0.0298015,2.7015,3.23482,0.0866203,0,0.000640198,0.130843,2.12587,2.38362,0.301792,0.849433,14.6531,18.9777,2.72579,0.0942965,1.4393,2.06855,0.245691,0.00164566,0,0.00259336,2.14941,3.42402,0.218317,0,0.130057,0.45307,1.63505,2.6178,0.465406,0.140865,11.4307,21.4275,5.31998,0.00814332,0.964358,2.342,0.560471,0.232855,0.0177995,0,1.16259,3.60058,0.63682,0,0.0249722,0.119001
159.010249433,0.399748,1.11661,0.270142,0,5.45817,25.2357,15.2071,0.353066,0.0330659,0.782603,0.916059,0.111871,0.0259372,0,0.17427,3.41515,2.25803,0.00800465,0.00213359,0.165416,0.451334,2.30726,1.66268,0.0895545,2.37281,18.4977,16.5122,1.19083,0.224584,2.08327,2.18489,0.479593,0.209132,0.00267974,0.0270914,2.57165,3.11503,0.0910195,0,0.000640198,0.128945,2.04492,2.30646,0.301792,0.766492,14.5848,19.0407,2.7604,0.0942965,1.64096,2.38387,0.367291,0.00164566,0,0.00259336,2.09096,3.27726,0.214392,0,0.135065,0.400026,1.64183,2.56785,0.49071,0.140865,11.8952,22.1537,5.62047,0.00814332,0.980987,2.35431,0.669908,0.225673,0.0177995,0,1.18323,3.47335,0.626287,0,0.0249722,0.112124
160.496326531,0.384202,1.1102,0.268608,0,5.20638,25.4617,15.218,0.382159,0.0327607,0.742899,0.874049,0.111871,0.0259372,0,0.1733,3.48927,2.18423,0.00695538,0.00213359,0.168463,0.453484,2.29932,1.65195,0.0895545,2.33816,18.7388,16.3229,1.25832,0.235698,2.18356,2.27165,0.479593,0.208059,0.00267974,0.0270914,2.61385,3.02118,0.0767466,0,0.000640198,0.128945,2.04278,2.29555,0.301573,0.817772,15.2447,19.423,2.8457,0.0942965,1.70564,2.4661,0.384323,0.00164566,0,0.00259336,2.07335,3.2486,0.200465,0,0.142124,0.406551,1.64183,2.55753,0.487857,0.155194,11.9973,22.2331,5.37645,0.00814332,1.04462,2.4748,0.729943,0.224909,0.0177995,0,1.07612,3.33851,0.560556,0,0.0249722,0.110791
161.982403628,0.413571,1.16369,0.292549,0,5.51824,25.5509,15.2097,0.330845,0.0406746,0.804004,0.985869,0.112588,0.0266762,0,0.159654,3.32576,2.13653,0.00695538,0.00243822,0.175962,0.481914,2.38718,1.73341,0.0895545,2.53214,18.5936,16.2723,1.0772,0.24035,2.21635,2.36375,0.492063,0.220912,0.00267974,0.0262456,2.54506,3.1067,0.0756181,0,0.000640198,0.128945,2.13194,2.41498,0.329948,0.816835,14.7608,19.3409,2.73968,0.114379,1.72905,2.54057,0.360409,0.00164566,0,0.00259336,2.02949,3.29982,0.213609,0,0.131011,0.394695,1.72563,2.68626,0.531512,0.143441,11.7881,22.5985,5.56794,0.00814332,0.934527,2.27597,0.650974,0.233376,0.0181743,0,1.07788,3.41943,0.579736,0,0.0249722,0.110791
163.468480726,0.370109,1.17706,0.286942,0,5.17561,25.272,15.083,0.346425,0.0307238,0.801391,0.974831,0.122759,0.025198,0,0.157623,3.40048,2.12342,0.00695538,0.00153703,0.177118,0.453488,2.45309,1.72081,0.0996491,2.25112,18.438,16.1761,1.14043,0.198816,2.23022,2.43363,0.516275,0.20674,0.00267974,0.025775,2.54187,2.95801,0.0730437,0,0.000660614,0.128945,2.19954,2.42881,0.324685,0.733298,15.1982,19.7213,2.88456,0.0869326,1.5913,2.3685,0.360409,0.00164566,0,0.00259336,2.05032,3.24692,0.195581,0,0.126333,0.391164,1.79946,2.72915,0.517796,0.129107,11.9446,22.4158,5.6784,0.00814332,0.999293,2.47495,0.657267,0.228718,0.0201422,0,1.05575,3.2434,0.550985,0,0.0255375,0.112497
164.954557823,0.376139,1.17402,0.256658,0,5.04336,24.377,14.3607,0.326327,0.0307238,0.736718,0.890203,0.104347,0.0187559,0,0.161018,3.32712,2.14581,0.00598809,0.00153703,0.158208,0.470643,2.48796,1.69853,0.070119,2.32172,18.2243,15.8699,1.04658,0.198816,2.01881,2.18718,0.461683,0.198133,0.000856943,0.025775,2.52018,2.98675,0.0689525,0,0.000660614,0.147653,2.23724,2.44964,0.272717,0.761282,14.5584,19.0026,2.54019,0.0869326,1.56187,2.33774,0.350044,0.00172244,0,0.00259336,1.92739,3.17424,0.180387,0,0.126333,0.432084,1.7477,2.71632,0.449713,0.121613,11.2297,21.4942,5.0899,0.00481789,0.967746,2.52275,0.667343,0.240146,0.0137745,0,0.995399,3.30018,0.540956,0,0.0233258,0.114442
166.440634921,0.350296,1.04447,0.257434,0,5.15066,24.3548,14.514,0.27962,0.0307238,0.650835,0.835596,0.0933361,0.0187559,0,0.136223,3.05057,1.98971,0.00598809,0.00153703,0.134774,0.42732,2.2504,1.53638,0.070119,2.20616,17.9266,15.9334,1.0878,0.198816,1.79798,1.96772,0.386678,0.176255,0.000856943,0.0208185,2.38834,2.79688,0.0722444,0,0.000660614,0.121832,2.00743,2.20417,0.272717,0.6813,14.2282,18.5409,2.55482,0.0869326,1.56929,2.34444,0.350044,0.00172244,0,0.00259336,1.85124,2.97642,0.175726,0,0.12137,0.362902,1.61425,2.45523,0.450327,0.121613,11.576,21.7311,5.34324,0.00481789,0.884473,2.27912,0.632679,0.213503,0.0137745,0,1.02028,3.13904,0.544024,0,0.0233258,0.095785
167.926712018,0.272428,0.918733,0.235238,0,4.78515,23.5886,13.9128,0.28279,0.030904,0.57784,0.762524,0.0933361,0.0187559,0,0.129379,3.05195,1.91592,0.0042679,0.00153703,0.136714,0.346635,1.99318,1.34186,0.070119,2.1471,17.4289,15.1028,1.01987,0.20101,1.82514,2.01745,0.37581,0.158537,0.000856943,0.0209826,2.33131,2.67967,0.0584802,0,0.000660614,0.0972875,1.84426,2.0011,0.266421,0.712255,14.2059,18.2061,2.49079,0.0869326,1.38079,2.10317,0.257943,0.00172244,0,0.00259336,1.80093,2.94339,0.179883,0,0.105021,0.337139,1.47109,2.20818,0.391845,0.130115,11.4164,21.4242,5.06343,0.00481789,0.766448,2.07511,0.540825,0.183484,0.0137745,0,0.932638,2.99567,0.475508,0,0.0233258,0.0868034
169.412789116,0.286557,0.938478,0.241316,0,4.6882,22.1179,12.9752,0.20348,0.0344807,0.601432,0.796005,0.0952814,0.0196269,0,0.10868,2.76537,1.82893,0.0042679,0.00167789,0.117137,0.33252,2.02927,1.35721,0.070119,2.1211,16.2564,14.1894,0.759455,0.158001,1.64052,1.8906,0.380156,0.160483,0.000856943,0.0195461,2.16508,2.61083,0.0572552,0,0.000660614,0.0972875,1.88428,2.02895,0.270869,0.620639,12.9984,17.1347,2.25095,0.0830224,1.24696,1.97047,0.225234,0.00172244,0,0.00259336,1.68757,2.80626,0.179723,0,0.0920614,0.322536,1.50425,2.23665,0.397944,0.0924012,10.6481,20.5196,4.99469,0.00481789,0.625658,1.81791,0.434532,0.187457,0.0145985,0,0.918757,2.88386,0.457501,0,0.0233258,0.0868993
170.898866213,0.234101,0.872903,0.199167,0,4.06623,20.6321,12.1258,0.208257,0.0262008,0.563292,0.707244,0.102915,0.0166906,0,0.106187,2.6851,1.72455,0.00470516,0.000612469,0.111348,0.290817,1.91035,1.21086,0.0608522,1.74431,15.373,13.4319,0.765589,0.106169,1.47683,1.73927,0.363074,0.130696,0.000909029,0.0190471,2.08578,2.36345,0.0532893,0,0.00125378,0.0972875,1.74496,1.81062,0.200507,0.512426,12.6323,16.428,2.15505,0.0471428,1.06349,1.73231,0.225234,0.00172244,0,0.00259336,1.61395,2.61463,0.145851,0,0.0779398,0.284352,1.38118,2.01106,0.298409,0.0755963,10.1133,19.1073,4.61528,0.00481789,0.636332,1.88038,0.416443,0.168858,0.0127837,0,0.862449,2.55856,0.397809,0,0.0234659,0.0898198
172.384943311,0.245906,0.834844,0.178858,0,3.97953,19.7324,11.5115,0.191637,0.0262008,0.526203,0.656241,0.0954057,0.0155687,0,0.102659,2.54205,1.69905,0.00429733,0.000612469,0.102017,0.304034,1.77241,1.10293,0.0320934,1.79178,14.9166,13.0143,0.673027,0.106169,1.27661,1.51683,0.295283,0.118284,5.2086e-05,0.0208465,2.06294,2.38737,0.0512925,0,0.00125378,0.10722,1.60311,1.6646,0.146819,0.497528,11.7043,15.3401,1.80176,0.0471428,1.09935,1.80167,0.234235,0.00317625,0,0.00259336,1.4957,2.5298,0.137562,0,0.0793399,0.30038,1.23076,1.84053,0.233761,0.0643253,9.43506,18.1783,4.11729,0,0.563739,1.74102,0.414884,0.164463,0.00790824,0,0.857785,2.63782,0.394706,0,0.0218674,0.0946
173.871020408,0.269495,0.772771,0.177583,0,3.57691,18.2742,10.6685,0.148408,0.0262008,0.523472,0.655837,0.0913301,0.0155687,0,0.0851832,2.33716,1.54761,0.00429733,0.000612469,0.101192,0.316637,1.59563,0.951744,0.0320934,1.49143,13.6855,12.0373,0.688514,0.106169,1.32487,1.58404,0.299016,0.105926,5.2086e-05,0.0191044,1.91749,2.14532,0.0532777,0,0.00125378,0.0984777,1.44738,1.443,0.146819,0.420043,10.7825,14.1361,1.72621,0.0471428,0.996671,1.6553,0.253733,0.00317625,0,0.00259336,1.39222,2.32972,0.13842,0,0.0811474,0.246562,1.1712,1.60761,0.233761,0.0643253,8.8518,16.9106,3.89378,0,0.505971,1.5853,0.436645,0.136086,0.00790824,0,0.757951,2.29839,0.361208,0,0.0225899,0.0925975
175.357097506,0.267754,0.799354,0.185196,0,3.59383,18.7496,10.8864,0.162147,0.0256116,0.510223,0.663066,0.0906586,0.0143678,0,0.0803346,2.24598,1.36158,0.00429733,0.000612469,0.105968,0.325696,1.63313,0.999563,0.0320934,1.5015,13.6193,11.7846,0.595346,0.108789,1.36265,1.64629,0.298899,0.10716,5.2086e-05,0.0190443,1.89632,2.05724,0.0449222,0,0.00125378,0.0984777,1.45726,1.4907,0.146819,0.432748,10.5834,13.823,1.60237,0.0471428,1.0196,1.71175,0.265187,0.00317625,0,0.00259336,1.34852,2.29191,0.135626,0,0.0828499,0.249937,1.1712,1.65479,0.236429,0.0676729,8.4159,16.3513,3.59357,0,0.501789,1.57968,0.436645,0.143037,0.00790824,0,0.68602,2.21442,0.310471,0,0.0225899,0.092486
176.843174603,0.290676,0.83194,0.196,0,3.63925,18.9879,11.1632,0.162147,0.0261301,0.521878,0.698323,0.0935355,0.0158828,0,0.0743463,2.01406,1.33201,0.000468665,0.000868638,0.100812,0.3312,1.69257,1.02934,0.0320934,1.53447,14.0319,12.3632,0.64646,0.0848727,1.28167,1.62984,0.308661,0.112301,5.2086e-05,0.00567455,1.66355,1.94367,0.0400365,0,0.00125378,0.0984777,1.52933,1.54835,0.157192,0.468051,11.0461,14.5119,1.71322,0.0482062,1.04356,1.78513,0.265187,0.00317625,0,0,1.266,2.23249,0.157353,0,0.0481716,0.2163,1.2327,1.71552,0.250873,0.0740065,8.74498,17.1132,3.7448,0,0.529807,1.65597,0.488416,0.152461,0.0103334,0,0.719429,2.26732,0.320759,0,0.0225899,0.092486
178.329251701,0.232225,0.795018,0.168842,0,3.23498,17.8687,10.5377,0.165936,0.0121893,0.459076,0.601853,0.0966254,0.0126692,0,0.064647,1.9189,1.2547,0.0013747,0.000701655,0.095305,0.303032,1.65778,0.950185,0.0326969,1.24025,13.2322,11.7778,0.671537,0.0535979,1.14409,1.45079,0.312869,0.101371,0.000201792,0.00555538,1.51105,1.71297,0.0221704,0,0.00125378,0.0984777,1.47923,1.43598,0.122305,0.374296,10.8187,13.9936,1.70412,0.0241841,0.884633,1.52327,0.265187,0.00317625,0,0,1.15172,2.03217,0.122346,0,0.0394286,0.193588,1.19644,1.6237,0.206614,0.0568613,8.43582,16,3.58637,0,0.532797,1.71268,0.48591,0.148018,0.0103259,0,0.647564,2.06188,0.298748,0,0.0037196,0.0672898
179.815328798,0.236067,0.720691,0.142773,0,3.18,16.9868,9.92331,0.149863,0.0121893,0.397375,0.512417,0.0631669,0.00694151,0,0.0740665,1.81941,1.22152,0.0013747,0.000701655,0.0854244,0.308344,1.46384,0.84588,0.0167388,1.31223,12.8803,11.3631,0.597985,0.0535979,0.945178,1.1822,0.246987,0.0964828,0.000201792,0.00930947,1.46737,1.69811,0.0222924,0,0.000613585,0.104991,1.31867,1.28919,0.0853458,0.389987,9.99902,13.013,1.43266,0.0241841,0.904962,1.56443,0.272938,0.00317625,0,6.22902e-05,1.07759,1.97455,0.120449,0,0.0409153,0.204901,0.998003,1.43079,0.158233,0.0571099,7.91471,15.2143,3.1688,0,0.467386,1.52538,0.475823,0.146614,0.00770936,0,0.647996,2.11227,0.30414,0,0.0015784,0.0620176
181.301405896,0.22637,0.576358,0.122635,0,2.80886,15.7996,9.33244,0.153352,0.0121893,0.314493,0.453044,0.0493299,0.00694151,0,0.0686096,1.69327,1.13495,0.0013747,0.000701655,0.0677259,0.261714,1.19762,0.69043,0.0167388,1.07911,11.8292,10.4881,0.607266,0.0535979,0.959512,1.20541,0.238843,0.0845967,0.000201792,0.00930947,1.36469,1.52956,0.022764,0,0.000613585,0.0720979,1.0648,1.03374,0.0853458,0.336028,9.59724,12.3498,1.47362,0.0241841,0.783508,1.36201,0.257039,0.0015306,0,6.22902e-05,1.02558,1.82253,0.128003,0,0.0424057,0.158807,0.85677,1.16266,0.153648,0.0571099,7.76792,14.6696,3.18556,0,0.416289,1.29733,0.452465,0.119606,0.00770936,0,0.608376,1.89365,0.303985,0,0.0015784,0.0416633
182.787482993,0.146288,0.452964,0.101765,8.1359e-05,2.44514,13.7192,8.04822,0.123767,0.012224,0.269328,0.40945,0.049362,0.00699226,1.5601e-05,0.0640862,1.5427,0.999501,0.00156431,0.000704501,0.0686399,0.178558,0.94764,0.526545,0.0168177,1.01851,10.3861,9.10156,0.544178,0.0536041,0.752655,0.984421,0.171682,0.0676646,0.000211854,0.00931644,1.24081,1.38546,0.0183647,8.08306e-07,0.00174831,0.0692594,0.922633,0.868065,0.0853458,0.339494,8.46072,10.8804,1.28156,0.0241841,0.581853,1.04668,0.13544,0.0015306,0,6.22902e-05,0.914995,1.68782,0.11499,0,0.0344136,0.163153,0.731175,0.956088,0.129046,0.0584054,6.66824,12.8711,2.67475,0,0.308304,1.03602,0.30763,0.096782,0.00770936,0,0.543775,1.78678,0.270821,0,0.0015784,0.0307323
184.273560091,0.146364,0.453023,0.101779,8.54634e-05,2.32366,12.0507,7.07746,0.0858549,0.0122411,0.269392,0.409485,0.049377,0.00702244,3.7991e-05,0.0572467,1.32212,0.911756,0.00156941,0.000738365,0.0573788,0.167626,0.947641,0.526547,0.0168183,0.980358,9.05941,8.08211,0.352207,0.0425011,0.652371,0.897658,0.171699,0.0677004,0.000230936,0.00937644,1.0885,1.28508,0.0178787,7.67985e-06,0.00177657,0.0692924,0.922641,0.868069,0.0853857,0.288034,7.24149,9.63283,1.06441,0.0241885,0.504584,0.954314,0.118472,0.00153079,1.44992e-07,6.33555e-05,0.821982,1.52555,0.113225,4.01921e-08,0.0264246,0.15541,0.731175,0.956088,0.129046,0.0440772,5.88379,11.6053,2.53916,8.54954e-08,0.23612,0.904117,0.247595,0.0967821,0.00770939,3.51824e-08,0.506741,1.62542,0.251431,6.38196e-08,0.00157854,0.0420508
185.759637188,0.116995,0.399525,0.0778378,8.54634e-05,1.84925,10.4563,6.17499,0.0858549,0.00432718,0.208287,0.297665,0.04866,0.00628341,3.7991e-05,0.0563952,1.28812,0.866119,0.00156941,0.000433742,0.0498798,0.139196,0.859779,0.445088,0.0168183,0.707533,8.01575,7.19027,0.352207,0.00737359,0.476879,0.688017,0.159229,0.054847,0.000230936,0.00912806,1.06081,1.15711,0.0178787,7.67985e-06,0.00177657,0.0692924,0.83348,0.748639,0.0570099,0.19683,6.60807,8.60965,0.967364,0.00180572,0.364588,0.735671,0.118472,0.00153079,1.44992e-07,6.33555e-05,0.776171,1.38155,0.0959832,4.01921e-08,0.0264246,0.15541,0.647371,0.827355,0.0853916,0.0258247,5.30151,10.055,2.20787,1.19355e-07,0.23612,0.904117,0.239734,0.088315,0.00733464,9.45497e-08,0.472421,1.45777,0.223623,1.36485e-07,0.0015786,0.0420509
187.245714286,0.116812,0.306392,0.0470216,8.54634e-05,1.67485,9.13996,5.37771,0.0702746,0.00432718,0.146644,0.213927,0.0345483,0.00407126,3.7991e-05,0.0563952,1.05816,0.742725,0.00156941,0.000433742,0.0381621,0.138113,0.654323,0.33001,0.00123532,0.707533,7.17018,6.38576,0.276394,0.00737359,0.301277,0.465284,0.109117,0.0447655,0.000230936,0.00912806,0.917112,1.04013,0.0178787,7.67985e-06,0.00175615,0.0692924,0.634745,0.564588,0.0178682,0.19683,5.56216,7.28821,0.700423,0.00180572,0.363933,0.734844,0.118472,0.00153079,1.44992e-07,6.33555e-05,0.65469,1.23977,0.0931805,4.01921e-08,0.0162757,0.125133,0.459896,0.607702,0.0332368,0.0258247,4.5813,8.88128,1.75931,1.19355e-07,0.171354,0.705133,0.219161,0.0780911,0.00395165,9.45497e-08,0.437472,1.34814,0.213739,1.36485e-07,0.00101337,0.0403444
188.731791383,0.109874,0.231422,0.0431243,8.54634e-05,1.27277,7.67259,4.53686,0.0702746,0.00432718,0.143197,0.213332,0.0283201,0.00407126,3.7991e-05,0.0471045,0.892829,0.616674,0.00156941,0.000433742,0.0372588,0.11838,0.434864,0.204026,0.00123532,0.468187,5.80863,5.19411,0.276394,0.00737359,0.301277,0.463719,0.0913505,0.0300812,0.000230936,0.00912806,0.754215,0.830268,0.0178787,7.67985e-06,0.00175615,0.0505845,0.418105,0.346752,0.0178682,0.146769,4.86298,6.27364,0.700331,0.00180572,0.236416,0.508662,0.0980585,0.00145401,1.44992e-07,6.33555e-05,0.5667,1.04449,0.0931805,4.01921e-08,0.0162757,0.0842134,0.348122,0.392261,0.0326959,0.0258247,4.11952,7.8125,1.64005,1.19355e-07,0.121588,0.483491,0.196028,0.0521295,0.00395165,9.45497e-08,0.362149,1.07773,0.195635,1.36485e-07,0.00101337,0.0333565
190.217868481,0.10819,0.228657,0.0423481,8.54634e-05,0.957806,6.07038,3.48506,0.0519939,0.00432718,0.142212,0.212442,0.0282918,0.00407126,3.7991e-05,0.0402004,0.777106,0.507302,0.00156941,0.000433742,0.037194,0.118306,0.429644,0.198162,0.00123532,0.408535,4.82713,4.23043,0.235174,0.00737359,0.293285,0.459717,0.0913505,0.0293867,0.000230936,0.00906381,0.668463,0.739859,0.0145868,7.67985e-06,0.00175615,0.050557,0.416639,0.34018,0.0178682,0.146223,3.94814,5.17424,0.534734,0.00180572,0.228996,0.501961,0.0980585,0.00145401,1.44992e-07,6.33555e-05,0.480264,0.919444,0.0775583,4.01921e-08,0.0157876,0.0836584,0.348108,0.386015,0.0320813,0.0258247,3.06994,6.20903,1.16022,1.19355e-07,0.117439,0.476562,0.196028,0.0515908,0.00395165,9.45497e-08,0.283063,0.934456,0.142954,1.36485e-07,0.00101337,0.0331498
191.703945578,0.10819,0.227978,0.0421795,8.54634e-05,0.902188,5.13895,2.99153,0.0339002,0.00414697,0.133091,0.19299,0.0282918,0.00407126,3.7991e-05,0.0365171,0.659131,0.453175,0.001538,0.000433742,0.0352541,0.113978,0.429081,0.197931,0.00123532,0.390023,3.98668,3.55847,0.148239,0.00518016,0.266121,0.409983,0.0911613,0.0293555,0.000230936,0.00889974,0.573285,0.65888,0.0112789,7.67985e-06,0.00175615,0.050557,0.416286,0.340081,0.0178682,0.115269,3.16414,4.28306,0.438007,0.00180572,0.206019,0.445279,0.0866392,0.00145401,1.44992e-07,6.33555e-05,0.415836,0.796683,0.0659196,4.01921e-08,0.0133842,0.0782257,0.347442,0.385266,0.0320813,0.0173227,2.47843,5.07943,1.02927,1.19355e-07,0.0972672,0.41306,0.156167,0.0515022,0.00395165,9.45497e-08,0.248076,0.809261,0.130409,1.36485e-07,0.00101337,0.0331498
193.190022676,0.094061,0.208233,0.0361017,8.54634e-05,0.76708,4.60881,2.68799,0.0339002,0.000570316,0.109499,0.15951,0.0263465,0.00320022,3.7991e-05,0.0325791,0.635803,0.41778,0.001538,0.00029288,0.031954,0.102316,0.392987,0.182585,0.00123532,0.305731,3.59341,3.20958,0.148239,0.004148,0.242098,0.357665,0.0868153,0.0274095,0.000230936,0.0077361,0.547176,0.587001,0.0109441,7.67985e-06,0.00175615,0.050557,0.376268,0.312227,0.0134198,0.0861104,2.93041,3.88408,0.405636,0.00106772,0.187667,0.383378,0.0866392,0.00145401,1.44992e-07,6.33555e-05,0.392388,0.729312,0.0581218,4.01921e-08,0.0133842,0.0782257,0.314286,0.3568,0.0259825,0.0112255,2.28842,4.52766,0.934232,1.19355e-07,0.0972672,0.41306,0.151404,0.0475294,0.00312758,9.45497e-08,0.227732,0.736779,0.114153,1.36485e-07,0.00101337,0.0330539
194.676099773,0.0935055,0.177612,0.034634,8.54634e-05,0.696702,4.08467,2.37161,0.0291234,0.000570316,0.0820706,0.127849,0.0149981,0.00284286,3.7991e-05,0.0325791,0.535462,0.363868,0.00110074,0.00029288,0.0235784,0.101334,0.333735,0.168221,0.000682978,0.305731,3.26313,2.90145,0.121773,0.004148,0.176791,0.280408,0.0686085,0.0259084,0.00017885,0.0077361,0.464458,0.522555,0.00949383,7.67985e-06,0.00116298,0.050557,0.326775,0.282299,0.0120991,0.0861104,2.52899,3.39394,0.314485,0.00106772,0.18357,0.379221,0.0866392,0.00145401,1.44992e-07,6.33555e-05,0.334261,0.654427,0.0524513,4.01921e-08,0.0120155,0.0715698,0.26275,0.313085,0.0240056,0.0112255,2.02091,4.09077,0.780685,1.19355e-07,0.0865931,0.350587,0.145235,0.042291,0.0028765,9.45497e-08,0.203812,0.680089,0.105993,1.36485e-07,0.00087326,0.0301335
196.162176871,0.0812165,0.120359,0.0220502,8.54634e-05,0.558688,3.48723,2.04471,0.0291234,0.000570316,0.0549849,0.103421,0.00924076,0.00174461,3.7991e-05,0.0273079,0.442179,0.295816,0.00110074,0.00029288,0.0175304,0.086596,0.255715,0.118296,0.000682978,0.219764,2.71929,2.41417,0.121773,0.004148,0.176791,0.280041,0.0650934,0.018159,0.00017885,0.00593671,0.382605,0.416603,0.00949383,7.67985e-06,0.00116298,0.0406248,0.244519,0.195416,0.0120991,0.0672191,2.22944,2.94124,0.313916,0.00106772,0.147712,0.309864,0.0776379,1.92759e-07,1.44992e-07,6.33555e-05,0.279254,0.534977,0.0524513,4.01921e-08,0.0106154,0.055541,0.216441,0.221891,0.0217583,0.0112255,1.84774,3.65356,0.745113,1.19355e-07,0.0718928,0.273022,0.133459,0.0319443,0.00266456,9.45497e-08,0.168724,0.539614,0.0964863,1.36485e-07,0.00087326,0.020726