Track URI,Track Name,Album Name,Artist Name(s),Release Date,Duration (ms),Popularity,Explicit,Added By,Added At,Genres,Record Label,Danceability,Energy,Key,Loudness,Mode,Speechiness,Acousticness,Instrumentalness,Liveness,Valence,Tempo,Time Signature
spotify:track:7lOWnzFtxRsPYpzeCG8OuS,"Me & U","Me & U","Tre Reynolds",2024-09-27,144383,30,true,,1970-01-01T00:00:00Z,"tech house","Nothing Else Matters",0.826,0.781,8,-8.01,1,0.0554,0.00216,0.109,0.0749,0.822,128.015,4
spotify:track:0iL9p2KJKbPD5RtfFZOtdm,"NASA","PINK SUMMER","Frenna",2024-07-19,144675,51,false,,1970-01-01T00:00:00Z,"","Top Notch Music BV",0.912,0.61,10,-4.812,0,0.157,0.0141,0.0273,0.0739,0.524,107.027,4
spotify:track:2bN6txFfJ3RJiQfsyB7gxe,"Salt Lake City","Salt Lake City","LIGHTLEAK",2024-12-13,151771,25,false,,1970-01-01T00:00:00Z,"tech house","Euro Electra Records",0.799,0.734,5,-9.658,0,0.0483,0.0202,0.453,0.0871,0.79,126.988,4
spotify:track:0DOZvF33lmAwocqif4wEaA,"Aspire to Inspire","Aspire to Inspire","Hidde van Wee",2025-05-09,381073,40,false,,1970-01-01T00:00:00Z,"","Up the Stuss",0.743,0.941,5,-9.013,0,0.0656,0.0122,0.896,0.0434,0.83,130.995,4
spotify:track:0tox9lXe3hdarVUIwUhP5V,"Blijkbaar (met Kaya Imani)","Nachten Als Dit","Idaly;Kaya Imani",2023-09-28,141852,39,false,,1970-01-01T00:00:00Z,"maluku","Top Notch Music BV",0.812,0.609,3,-7.694,0,0.186,0.632,0.000675,0.103,0.366,110.005,4
spotify:track:6VfL3MEuYeJbDlD8m011HR,"quédate","BORONDO","Beéle",2025-05-15,176481,84,false,,1970-01-01T00:00:00Z,"latin afrobeats,reggaeton,pop urbano","5020 Records",0.608,0.633,0,-4.609,0,0.137,0.294,0.0000204,0.143,0.549,111.888,5
spotify:track:2PNXJZRZCykCzN4vWXLa0y,"Ups Baby","Ups Baby","Janis Zielinski;Jonas Gottlieb",2025-01-24,178881,47,false,,1970-01-01T00:00:00Z,"hard house,eurodance,trance,hypertechno","FUTURE TRANCE",0.526,0.986,11,-5.288,1,0.0507,0.0778,0.0657,0.0847,0.564,145.939,4
spotify:track:2z0aTFF696oXVdN1sfzKi7,"Still Need U","In Your Arms","DJ HEARTSTRING",2024-02-16,198098,38,false,,1970-01-01T00:00:00Z,"hard house,eurodance,trance,hypertechno","Teenage Dreams",0.684,0.988,3,-4.225,0,0.0392,0.0000804,0.866,0.0937,0.773,146.983,4
spotify:track:7JI4W4fvPwzoPGcRSKYeHw,"Check One","Falling Back","Obskür",2024-11-29,218507,55,false,,1970-01-01T00:00:00Z,"rally house,house","Eastenderz",0.753,0.707,5,-11.576,1,0.0495,0.0927,0.622,0.121,0.488,134.024,4
spotify:track:4PFkJXTUZVEsKIZ01n4rev,"Call Me Babe","Call Me Babe","mischluft",2024-11-29,164121,61,false,,1970-01-01T00:00:00Z,"hard house,bounce,techno,trance,hypertechno,eurodance","Intercord",0.735,0.989,8,-5.348,1,0.0575,0.000605,0.381,0.112,0.548,152.991,4
spotify:track:5ieqvcZfycFIMJnF84D1Du,"still prevail","One of Wun","Gunna",2024-05-10,192000,69,true,,1970-01-01T00:00:00Z,"melodic rap","300 Entertainment",0.897,0.462,2,-6.058,1,0.0873,0.0106,0.00548,0.112,0.089,139.996,4
spotify:track:3dmCMsu4EvIKhExHIjiRBp,"Nutralize","Closer","Gaskin",2024-10-04,365458,31,false,,1970-01-01T00:00:00Z,"house","Up the Stuss",0.704,0.874,7,-9.213,1,0.0422,0.018,0.854,0.0931,0.382,132.006,4
spotify:track:68B0LDiQ4u0JPuzmF7Ra7i,"Superstyler - Burnski x Kepler Remix","Superstyler","Gaskin;Burnski;Kepler.",2025-01-31,324492,16,false,,1970-01-01T00:00:00Z,"house,dub techno,tech house,uk garage","Constant Sound",0.794,0.877,1,-9.156,1,0.0438,0.00896,0.914,0.0904,0.961,131.01,4
spotify:track:4jjKhNsWl7KVnLb89A1guj,"Painless Love","Painless Love","SOSA",2025-05-23,183206,47,false,,1970-01-01T00:00:00Z,"tech house,house","Three Six Zero Recordings",0.723,0.856,5,-9.175,0,0.0429,0.0202,0.0478,0.0919,0.72,130.992,4
spotify:track:6YnMiAJNZtqKwYgwrKSkwt,"Sakura","Sakura","Across Boundaries;Chris Stussy;Locklead",2025-09-05,384007,60,false,,1970-01-01T00:00:00Z,"house,tech house","Up the Stuss",0.688,0.774,11,-9.533,0,0.0431,0.0446,0.897,0.112,0.28,129.995,4
spotify:track:2usgKLp2V6HTqOXh9rlETr,"SOS","SOS","Kevin;Idaly",2024-12-05,185532,58,false,,1970-01-01T00:00:00Z,"","Animal Stories / Noah’s Ark BV",0.791,0.617,11,-7.329,0,0.218,0.0614,0.0002,0.099,0.437,73.432,4
spotify:track:0washXlWqFEj5oCjNWwA2E,"Hooked on You","Hooked","Kolter",2020-05-29,383612,44,false,,1970-01-01T00:00:00Z,"house,tech house,lo-fi house","Shall Not Fade",0.855,0.865,8,-7.493,0,0.0828,0.11,0.658,0.0651,0.781,130.992,4
spotify:track:1x9SzB3cLpNsykCO5Y2BfR,"Alone Again","Alone Again","DJ HEARTSTRING;SWIM",2024-11-29,226958,38,false,,1970-01-01T00:00:00Z,"hard house,eurodance,trance,hypertechno,stutter house","DJ HEARTSTRING",0.628,0.947,9,-5.066,1,0.0517,0.000738,0.862,0.0539,0.806,144.969,4
spotify:track:2QJwMBAnrB6HDsS4dhTaNT,"It's About Us","It's About Us","Chris Stussy",2025-01-31,232790,49,false,,1970-01-01T00:00:00Z,"house,tech house","CSS",0.557,0.934,11,-7.142,0,0.0357,0.000683,0.778,0.476,0.307,133.032,4
spotify:track:1cSjOrZhdPvl9gxp86SqQi,"Amazin' (met Emms)","Betty","Idaly;Emms",2023-01-26,174013,52,true,,1970-01-01T00:00:00Z,"","Top Notch Music BV",0.867,0.695,8,-4.495,1,0.0726,0.0501,0.00181,0.091,0.762,100.022,4
spotify:track:5D50iIozof7VABnwls2H13,"Voorzichtig","Voorzichtig","Zoë Tauran;Idaly",2025-02-14,143015,49,true,,1970-01-01T00:00:00Z,"nederpop,hollands","Universal Music, a division of Universal International Music BV",0.904,0.705,11,-5.425,0,0.215,0.282,0,0.105,0.641,125.026,4
spotify:track:1eroCliWpJrEu1V7VSObcO,"Circadian Rhythm","100 GIGS","Drake",2024-08-30,126356,75,true,,1970-01-01T00:00:00Z,"rap","OVO/Republic",0.694,0.574,1,-6.144,0,0.0483,0.193,0,0.082,0.286,146.007,4
spotify:track:0dT0g3uNGWwSzvVvszdVd4,"PRETTY GIRLS","PINK SUMMER","Frenna",2024-07-19,145354,58,false,,1970-01-01T00:00:00Z,"","Top Notch Music BV",0.64,0.626,1,-5.189,1,0.0859,0.0385,0,0.129,0.673,187.805,4
spotify:track:6Vd1DMK1agDDFoAJyvSSaI,"Falling Back","Falling Back","Obskür",2024-11-29,210680,51,false,,1970-01-01T00:00:00Z,"rally house,house","Eastenderz",0.699,0.798,1,-12.976,1,0.0439,0.192,0.939,0.108,0.188,133.955,4
spotify:track:6iOndD4OFo7GkaDypWQIou,"La Plena - W Sound 05","La Plena (W Sound 05)","W Sound;Beéle;Ovy On The Drums",2025-02-19,150001,89,true,,1970-01-01T00:00:00Z,"latin afrobeats,reggaeton,pop urbano","WEA Latina",0.894,0.643,5,-3.485,1,0.132,0.543,0.000984,0.101,0.659,99.039,4
spotify:track:7eRUJsRGaDXf25akA9pHkj,"PAPARAZZI","PINK SUMMER","Frenna",2024-07-19,147226,0,false,,1970-01-01T00:00:00Z,"","Top Notch Music BV",0.744,0.663,4,-5.265,0,0.249,0.0672,0.0000135,0.292,0.527,196.005,4
spotify:track:1GHh01GXmueglhP5jbZuJJ,"ibiza2024","ibiza2024","t e s t p r e s s",2024-08-23,192000,50,false,,1970-01-01T00:00:00Z,"hard house,eurodance,bounce,hypertechno,trance","DopamineWIFI",0.57,0.989,1,-5.939,1,0.0534,0.00421,0.648,0.0939,0.265,76.481,4
spotify:track:7Hzh0sRbSLy7UC9nSfLZjv,"Tic Tac Toe","Tic Tac Toe","Hurts;DJ IP",2025-05-02,186486,11,false,,1970-01-01T00:00:00Z,"hard house,bounce,trance,eurodance","Sweet Nothing",0.81,0.971,4,-4.661,0,0.0584,0.0213,0.832,0.0312,0.836,148.015,4
spotify:track:01jx3vXwUaw9cfFeBk8sJQ,"Supersonic","Supersonic / Hands Up In The Sky","Marlon Hoffstadt;DJ Daddy Trance",2025-05-23,188108,51,false,,1970-01-01T00:00:00Z,"hard house,eurodance,trance,techno,hypertechno","Capitol Records",0.575,0.937,1,-5.293,0,0.0458,0.00234,0.79,0.0605,0.52,147.997,4
spotify:track:5w4tgGNwU7Iq9kk5o4zoBy,"Drivin' Me Insane","Kinetic Energy","LUKA",2024-08-30,289468,28,false,,1970-01-01T00:00:00Z,"hard house,bounce","Katana",0.706,0.973,0,-5.595,1,0.0576,0.141,0.737,0.0918,0.584,79.993,4
spotify:track:0za7DvMEblA6ZCOPQB17Hj,"Next 2 Me","Next 2 Me","Alt8",2024-11-14,259245,37,false,,1970-01-01T00:00:00Z,"hard techno,techno,acid techno","Alt8 Records",0.675,0.91,0,-4.63,0,0.0491,0.00288,0.687,0.0976,0.517,155.035,4
spotify:track:3zGcP713ZPe6OYGlOWYpKu,"Me, Myself & That Dancefloor","Me, Myself & That Dancefloor EP","Gaskin",2024-12-06,206278,41,false,,1970-01-01T00:00:00Z,"house","Nothing Else Matters",0.675,0.976,2,-5.768,1,0.04,0.0313,0.308,0.186,0.76,134.992,4
spotify:track:3s4WNh0WnfhwvIlrp6RTBj,"ZAAZAA","ZAAZAA","Frenna;Shallipopi",2025-05-22,156080,63,false,,1970-01-01T00:00:00Z,"afrobeats,afrobeat,afropiano,amapiano,afropop,afro adura","777 Records BV / Top Notch Music BV",0.868,0.731,11,-5.949,0,0.0793,0.0744,0.112,0.0808,0.785,117.016,4
spotify:track:7nFkuKdjETGOdIZDBL78ou,"MARADONA","PINK SUMMER","Frenna",2024-07-19,145363,0,false,,1970-01-01T00:00:00Z,"","Top Notch Music BV",0.873,0.715,6,-5.534,0,0.118,0.00498,0.000369,0.13,0.526,109.979,4
spotify:track:2MNZoKTpk2jYMIjTKihdaH,"Want My Love","Want My Love","MALUGI;WOLTERS",2025-01-17,198750,52,false,,1970-01-01T00:00:00Z,"hard house,eurodance,trance,uk garage","Columbia/Club Heart Broken",0.495,0.962,4,-4.192,0,0.0372,0.000166,0.351,0.252,0.214,144.044,4
spotify:track:7GDEIrIOGdE5AkQfuk1FA3,"I Surrender - Remix","I Surrender (Remix)","Joshua Robbie;Lange Frans",2024-12-06,213040,53,false,,1970-01-01T00:00:00Z,"hollands,nederpop","One Seven Music",0.872,0.814,11,-5.419,0,0.153,0.304,0.0147,0.0932,0.506,128.102,4
spotify:track:6IJXIYexhKZHKbYYPleAUT,"This Rhythm (feat. RAHH)","This Rhythm (feat. RAHH)","Prospa;RAHH",2024-11-08,189960,1,false,,1970-01-01T00:00:00Z,"house","CircoLoco Records",0.928,0.712,10,-5.694,0,0.0582,0.0984,0.000035,0.0995,0.667,127.006,4
spotify:track:47tS35fPyJjIHLk95OBeHc,"Dansvloerkiller","Dansvloerkiller","Broederliefde",2024-11-07,188160,50,true,,1970-01-01T00:00:00Z,"","Top Notch Music BV",0.843,0.737,1,-6.166,1,0.234,0.166,0.00000995,0.0796,0.745,125.054,4
spotify:track:0LbwAu16siBMH6jnRPM3Jc,"The One (feat. Jocelyn Brown) [Obskür Remix]","The One (feat. Jocelyn Brown) [Obskür Remix]","Chloé Caillet;Luke Alessi;Jocelyn Brown;Obskür",2025-06-13,195248,48,false,,1970-01-01T00:00:00Z,"indie dance,rally house,house","SMiiLE Records / Disorder",0.678,0.851,8,-7.367,1,0.0482,0.00268,0.654,0.0363,0.554,133.955,4
spotify:track:17yyT1a0ECahRrxTOOVndt,"NASA - NOA Remix","NASA (NOA Remix)","Frenna;NOA",2024-11-21,178000,43,false,,1970-01-01T00:00:00Z,"","Top Notch Music BV",0.751,0.914,10,-4.037,0,0.0799,0.0962,0.0046,0.134,0.393,120.011,4
spotify:track:4Xg53MegsZ6MRIbZ2kE6Eh,"Survivor’s Remorse","Survivor’s Remorse","Roddy Ricch",2024-05-31,156645,63,true,,1970-01-01T00:00:00Z,"melodic rap","Atlantic Records",0.674,0.417,5,-7.437,0,0.0623,0.184,0,0.356,0.204,135.939,4
spotify:track:25tXNghelZKdGZZVoSL9Yg,"Law Of Attraction (feat. Snoh Aalegra)","We're All Alone In This Together","Dave;Snoh Aalegra",2021-07-22,181676,47,true,,1970-01-01T00:00:00Z,"grime,uk grime,uk drill,drill,alternative r&b","Neighbourhood [GB] / Dave",0.774,0.513,0,-8.159,1,0.342,0.32,0.000105,0.0866,0.51,102.78,4
spotify:track:21kPwrdkfoolgxjiRQeGiH,"Forbidden Voices","Forbidden Voices","Odymel;Funk Tribu",2025-01-24,200166,55,false,,1970-01-01T00:00:00Z,"hard house,bounce,techno,hypertechno,trance,hard techno,eurodance,phonk","Urban",0.57,0.93,11,-3.872,0,0.0385,0.173,0.86,0.26,0.64,75.013,4
spotify:track:29RfmhkmNDnfiI8Mtiwz1E,"SHOOT TO KILL","SHOOT TO KILL","t e s t p r e s s;Franck",2024-11-29,176064,30,false,,1970-01-01T00:00:00Z,"hard house,eurodance,bounce,hypertechno,trance,hard techno,techno,acid techno,tekno","Polyamor Records",0.689,0.977,5,-5.44,0,0.0515,0.00559,0.658,0.372,0.672,154.982,4
spotify:track:2EPbupudXMt2oYC3iyl31o,"I've Arrived (with Tomike)","I've Arrived (with Tomike)","Obskür;Tomike",2024-07-26,150923,68,false,,1970-01-01T00:00:00Z,"rally house,house","Disorder",0.64,0.804,7,-8.561,1,0.0328,0.0103,0.188,0.319,0.318,131.939,4
spotify:track:6HUZoMili2b3e6X81OPIQd,"Getting Ready For The Party","slash 011 - Getting Ready For The Party","KI/KI;Storm Mollison",2025-01-08,199520,51,false,,1970-01-01T00:00:00Z,"hard house,acid techno,techno,trance","slash",0.65,0.984,8,-5.765,1,0.0546,0.0566,0.836,0.286,0.666,145.999,4
spotify:track:2cijCc5OIpaNrf8kxMN823,"Late Night Schemes","Bad City","Julian Fijma",2024-10-04,388400,29,false,,1970-01-01T00:00:00Z,"tech house,house","Eastenderz",0.795,0.812,2,-8.609,1,0.0427,0.000631,0.845,0.156,0.876,131.012,4
spotify:track:53mNFIZypKLnQlQyw3DKAo,"Too Late","Too Late","Shankz",2025-06-13,240000,68,false,,1970-01-01T00:00:00Z,"house","broke",0.683,0.874,6,-5.763,0,0.0384,0.0131,0.00108,0.142,0.567,132.021,4
spotify:track:7ea3rnqY96op1jr7ub1Dvn,"Bass Jumpin' (Sweat)","Bass Jumpin' (Sweat)","Robbie Doherty",2024-10-18,220150,0,false,,1970-01-01T00:00:00Z,"tech house,house","AVENU",0.819,0.948,0,-9.718,1,0.0476,0.113,0.431,0.255,0.703,132.98,4
spotify:track:6yozk84rHLypCWk50d5mTE,"Misleading","Misleading","Josh Baker",2024-11-08,187365,61,false,,1970-01-01T00:00:00Z,"house","Three Six Zero Recordings",0.792,0.809,7,-7.789,1,0.0449,0.104,0.513,0.0794,0.536,127.031,4
spotify:track:7koAf6aZgjO6TS7bipfPD0,"YO y TÚ","YO y TÚ","Ovy On The Drums;Quevedo;Beéle",2025-06-11,198153,86,false,,1970-01-01T00:00:00Z,"reggaeton,latin afrobeats,pop urbano","WEA Latina",0.831,0.753,11,-4.113,1,0.0828,0.159,0.000122,0.137,0.668,95.036,4
spotify:track:22SzMvhToJWZexiQ1WBT79,"Edge of Desire - Extended Mix","Edge of Desire","Jonas Blue;Malive",2025-07-18,252736,58,false,,1970-01-01T00:00:00Z,"tropical house,brazilian hip hop,brazilian bass","Defected Records",0.814,0.733,9,-7.432,0,0.052,0.034,0.902,0.0956,0.594,123.015,4
spotify:track:6uJmoSievkPkXP3eP6xELn,"No Lie","No Lie","Harry T",2025-08-01,168618,59,true,,1970-01-01T00:00:00Z,"","Hit & Hope Records under exclusive licence to APLCO/SoundOn",0.757,0.84,7,-5.531,1,0.194,0.186,0.838,0.175,0.618,128.02,4
spotify:track:62B9Kcc0v8E5VSZuJ0Z3jg,"Burning Inside","Burning Inside EP","NewTone",2025-02-27,332750,34,false,,1970-01-01T00:00:00Z,"hard house,uk garage","Agrio Tracks",0.697,0.98,1,-4.833,0,0.0466,0.00046,0.572,0.051,0.38,139.995,4
spotify:track:2RkZ5LkEzeHGRsmDqKwmaJ,"Ordinary","You'll Be Alright, Kid (Chapter 1)","Alex Warren",2024-09-26,186964,92,false,,1970-01-01T00:00:00Z,"","Atlantic Records",0.368,0.694,2,-6.141,1,0.06,0.704,0.00000659,0.055,0.391,168.115,3
spotify:track:5mwENCq4zn0Ya9IB0RmEJl,"Reality","Slammin","Julian Fijma",2025-04-04,219847,38,false,,1970-01-01T00:00:00Z,"tech house,house","UNLISH",0.767,0.817,2,-9.055,1,0.0375,0.0192,0.823,0.221,0.659,131.025,4
spotify:track:6WatFBLVB0x077xWeoVc2k,"Si Antes Te Hubiera Conocido","Si Antes Te Hubiera Conocido","KAROL G",2024-06-21,195824,83,false,,1970-01-01T00:00:00Z,"reggaeton,latin,urbano latino","Bichota/Interscope Records",0.924,0.668,11,-6.795,1,0.0469,0.446,0.000594,0.0678,0.787,128.027,4
spotify:track:4zvddp6Mntq4Houw71ooct,"Hiding In The Darkness","Hiding In The Darkness","HWAR",2025-04-18,226730,36,false,,1970-01-01T00:00:00Z,"","Disorder",0.784,0.95,10,-7.003,1,0.0534,0.0127,0.733,0.0767,0.121,130.043,4
spotify:track:595CNDHU45oJUbXWGOXuUk,"Like You Move - Mischluft Remix","Like You Move (Remixes)","Radio Cargo;mischluft",2024-12-13,270892,5,false,,1970-01-01T00:00:00Z,"hard house,bounce,techno,trance,hypertechno,eurodance","Shall Not Fade",0.747,0.918,11,-6.576,0,0.0468,0.00536,0.799,0.0928,0.747,148.028,4
spotify:track:1KRBlaECw1dey77CtcfUXn,"Body On Me","Body On Me","Silva Bumpa;EVA",2025-10-17,161500,50,false,,1970-01-01T00:00:00Z,"uk garage,bassline,hard house,uk r&b","Sterling Silva Ltd. Distributed exclusively by Amuseio AB",0.758,0.923,11,-4.241,0,0.0421,0.0206,0.259,0.182,0.736,136.02,4
spotify:track:4urZYxYyGCRmWFPq3AetVD,"GROOVEARCADE 2004","GROOVEARCADE 2004","Adrian Mills",2023-05-17,268125,44,true,,1970-01-01T00:00:00Z,"bounce,hard techno,techno,tekno,acid techno","Adrián Mills",0.745,0.607,7,-12.963,1,0.102,0.000654,0.198,0.121,0.296,159.987,4
spotify:track:3gRnR33Z7eBeMXYrhPXRIX,"Gucci","Gucci","Odymel",2024-02-09,273698,26,false,,1970-01-01T00:00:00Z,"hard house,bounce,techno,hypertechno,trance,hard techno,eurodance","Hot Meal Records",0.691,0.837,9,-5.238,1,0.0381,0.00126,0.173,0.121,0.602,145.994,4
spotify:track:59nOXPmaKlBfGMDeOVGrIK,"WAIT FOR U (feat. Drake & Tems)","I NEVER LIKED YOU","Future;Drake;Tems",2022-04-29,189893,85,true,,1970-01-01T00:00:00Z,"rap,afrobeats,afro r&b,alté,afrobeat","Epic/Freebandz",0.463,0.642,1,-4.474,1,0.34,0.314,0,0.0686,0.339,83.389,4
spotify:track:73epTVTwGh2rSnMkrKmgJS,"Nu Meteen (Slide)","Nu Meteen (Slide)","KM;Idaly",2025-01-16,153621,56,true,,1970-01-01T00:00:00Z,"","Top Notch Music BV",0.71,0.709,3,-4.724,0,0.0989,0.326,0,0.123,0.769,95.43,4
spotify:track:6WHZvtFnceMMv08gUCHR0y,"BELIEVE IT","PARTYMOBILE","PARTYNEXTDOOR;Rihanna",2020-03-27,183219,62,true,,1970-01-01T00:00:00Z,"dark r&b,r&b,trap soul","OVO Sound",0.431,0.7,6,-5.35,1,0.265,0.0901,0,0.216,0.73,157.871,4
spotify:track:1BJJbSX6muJVF2AK7uH1x4,"Move","Move","Adam Port;Stryv;Keinemusik;Orso;Malachiii",2024-06-07,177598,82,false,,1970-01-01T00:00:00Z,"afro house,house,melodic house,afro tech","Keinemusik",0.727,0.782,8,-8.529,0,0.042,0.0563,0.336,0.225,0.655,119.992,4
spotify:track:5mCPDVBb16L4XQwDdbRUpz,"Passionfruit","More Life","Drake",2017-03-18,298940,87,true,,1970-01-01T00:00:00Z,"rap","Cash Money Records/Young Money Ent./Universal Rec.",0.809,0.463,11,-11.377,1,0.0396,0.256,0.085,0.109,0.364,111.98,4
spotify:track:1O28S9MYZONNh5PNG1bYeC,"My Favourite Game","My Favourite Game","Odymel",2024-10-04,203015,68,false,,1970-01-01T00:00:00Z,"hard house,bounce,techno,hypertechno,trance,hard techno,eurodance","Urban",0.588,0.977,10,-4.205,1,0.0513,0.000807,0.0000975,0.0923,0.543,147.98,4
spotify:track:0SyWhkrm6yBPgqliVB7MP9,"Knees Break","Knees Break","MALUGI;MCYL",2024-10-25,148965,49,false,,1970-01-01T00:00:00Z,"hard house,eurodance,trance,uk garage,bounce,techno","Method 808, distributed by gamma.",0.556,0.947,10,-5.525,0,0.0484,0.000533,0.448,0.146,0.728,144.982,4
spotify:track:37X5yubK6VKu8nEGv6fcGm,"Hotshot","All Yours","Marlon Hoffstadt;DJ Daddy Trance",2025-07-11,168947,11,false,,1970-01-01T00:00:00Z,"hard house,eurodance,trance,techno,hypertechno","Capitol Records",0.538,0.976,0,-5.624,1,0.0502,0.000145,0.774,0.109,0.85,151.912,4
spotify:track:3UGzDq6YGdNFdLWjV5WxoO,"losing control (can't escape)","losing control","t e s t p r e s s",2024-03-01,281879,30,false,,1970-01-01T00:00:00Z,"hard house,eurodance,bounce,hypertechno,trance","Speedmaster Records",0.594,0.977,7,-8.354,0,0.0739,0.0191,0.622,0.0616,0.817,153.002,4
spotify:track:7Ix1YfRHAELxNIFqkzQdWl,"Yosemite - Philip George Remix","Yosemite (Philip George Remix)","KETTAMA;Interplanetary Criminal;Philip George",2025-05-20,275000,3,false,,1970-01-01T00:00:00Z,"hard house,uk garage,house,breakbeat","Steel City Dance Discs",0.676,0.926,5,-6.47,0,0.0419,0.0445,0.651,0.128,0.335,129.998,4
spotify:track:6Jc5bKaiEWfus0Hcd1WROK,"Intern","CHOSEN","CHO;Idaly",2021-05-13,238742,55,true,,1970-01-01T00:00:00Z,"","New Vintage College / Top Notch Music BV",0.685,0.542,11,-8.898,0,0.391,0.305,0.00000743,0.112,0.396,90.918,4
spotify:track:4hACcQfF5dtAzN0CW7vCAF,"Wait For Me","Miracles","DATSKO",2024-04-27,217866,1,false,,1970-01-01T00:00:00Z,"rally house,hard house,house,lo-fi house","Reboot Records IRE",0.45,0.993,11,-4.877,0,0.0557,0.0773,0.666,0.137,0.783,150.041,4
spotify:track:3IRWkMj7HHGYrZmZKDs1eB,"Tonight","Tonight' EP","WAND7R",2023-01-20,235290,14,false,,1970-01-01T00:00:00Z,"","Ref City Records",0.794,0.96,0,-6.506,0,0.0669,0.527,0.403,0.0959,0.665,126.993,4
spotify:track:6Yj7Zhxt73uvwFFvzQXdxO,"Flight's Booked","Honestly, Nevermind","Drake",2022-06-17,254407,71,false,,1970-01-01T00:00:00Z,"rap","OVO",0.593,0.41,3,-13.097,0,0.0531,0.886,0.0993,0.115,0.201,122.584,4
spotify:track:4lq48b16GxnFcPHUHJ3FK8,"Step By Step","Step By Step","Marsolo",2025-01-31,179779,56,false,,1970-01-01T00:00:00Z,"house,tech house","Three Six Zero Recordings",0.808,0.954,11,-7.342,0,0.0706,0.0755,0.878,0.0319,0.755,132.032,4
spotify:track:2uHs3qxKIN5Te8PIv2hAya,"Move Ya","Move Ya","Jacky Ickx;CARGO",2024-04-03,253875,25,false,,1970-01-01T00:00:00Z,"bounce,hard house","Polyamor Records",0.731,0.901,7,-4.215,1,0.0801,0.000707,0.725,0.0879,0.758,160,4
spotify:track:3XqM8hLCEYlbnFjoWwqtFv,"Angel Numbers / Ten Toes","11:11","Chris Brown",2023-11-10,306847,78,true,,1970-01-01T00:00:00Z,"r&b","Chris Brown Entertainment/RCA Records",0.406,0.5,4,-8.452,0,0.0501,0.192,0,0.175,0.0905,157.984,4
spotify:track:0NZdEb4FIYj30IVRlzaY30,"Walking On A Dream - Marlon Hoffstadt Remix","Walking On A Dream (Marlon Hoffstadt Remix)","Empire Of The Sun;Marlon Hoffstadt",2025-08-22,236530,47,false,,1970-01-01T00:00:00Z,"hard house,eurodance,trance,techno","EMI Recorded Music Australia Pty Ltd",0.61,0.967,8,-5.816,1,0.0373,0.00693,0.171,0.14,0.505,147.008,4
spotify:track:6I68T8LKGawrgQHUGwCkn8,"WACK MF","WACK MF","Fenrick;Odymel",2024-08-29,232087,20,false,,1970-01-01T00:00:00Z,"hard techno,techno,hard house,acid techno,bounce,tekno,hypertechno,trance,eurodance","Hot Meal Records",0.608,0.998,6,-3.171,0,0.138,0.00214,0.815,0.348,0.23,75.058,4
spotify:track:6NOrpcicPUh2eaj8bAD44u,"Baby (Is it a Crime)","Baby (Is it a Crime)","Rema",2025-02-07,164151,72,false,,1970-01-01T00:00:00Z,"afrobeats,afrobeat,afropop,afropiano","Mavin Global Holdings Ltd",0.58,0.665,5,-4.659,0,0.0438,0.0751,0.00000432,0.39,0.695,129.915,5
spotify:track:0NUqi0ps17YpLUC3kgsZq0,"DIE TRYING","$ome $exy $ongs 4 U","PARTYNEXTDOOR;Drake;Yebba",2025-02-14,195431,83,true,,1970-01-01T00:00:00Z,"dark r&b,r&b,trap soul,rap","OVO Sound",0.763,0.531,11,-6.154,1,0.0328,0.146,0,0.175,0.665,110.497,4
spotify:track:7iQXYTyuG13aoeHxGG28Nh,"PERRO NEGRO","nadie sabe lo que va a pasar mañana","Bad Bunny;Feid",2023-10-13,162767,84,true,,1970-01-01T00:00:00Z,"reggaeton,trap latino,latin,urbano latino","Rimas Entertainment LLC",0.911,0.778,5,-2.248,1,0.262,0.0887,0.0000216,0.179,0.345,96.057,4
spotify:track:2zqqu4TbRW3yOI5wqdrgDL,"Beetje Van Mij","Beetje Van Mij","Antoon",2025-02-06,150620,61,false,,1970-01-01T00:00:00Z,"nederpop,hollands","Atlantic Records Benelux",0.588,0.867,0,-5.949,1,0.0344,0.116,0.0559,0.295,0.168,145.027,4
spotify:track:0Yfb937yM0d5f6os0W9IWc,"Spectral Bells","Spectral Bells","Pegassi",2025-05-30,193907,59,false,,1970-01-01T00:00:00Z,"hard house,trance,techno,eurodance,hypertechno,bounce","FUTURE TRANCE",0.667,0.998,8,-6.762,0,0.0438,0.00151,0.867,0.0522,0.576,150.995,4
spotify:track:5N0YIVv0GDsJSw4zOk5j1Q,"THROUGH THE BACK","THROUGH THE BACK","t e s t p r e s s;SIKOTI;SESH",2025-05-16,177346,31,false,,1970-01-01T00:00:00Z,"hard house,eurodance,bounce,hypertechno,trance,hard techno,techno,acid techno,tekno,hardcore techno","SESH",0.691,0.996,6,-6.341,0,0.0772,0.0783,0.729,0.302,0.694,154.009,4
spotify:track:3gJ16QEGGhLFPNLvbXgB1u,"Losing Control","Losing Control","KI/KI;Marlon Hoffstadt",2025-08-08,170270,69,false,,1970-01-01T00:00:00Z,"hard house,acid techno,techno,trance,eurodance","KI/KI / Marlon Hoffstadt & Capitol Records",0.655,0.948,5,-5.153,0,0.0501,0.0112,0.676,0.333,0.675,147.984,4
spotify:track:43FiKNMmSDaI7V1U8i5CZI,"Won't Stop (Don't)","Won't Stop (Don't)","Chris Stussy",2024-11-22,233306,61,false,,1970-01-01T00:00:00Z,"house,tech house","Up the Stuss",0.665,0.861,5,-7.18,0,0.0358,0.00106,0.774,0.103,0.712,132.699,4
spotify:track:2QP041AcWg8PwPIWP95RKN,"top diesel","BORONDO","Beéle",2025-05-15,189456,82,false,,1970-01-01T00:00:00Z,"latin afrobeats,reggaeton,pop urbano","5020 Records",0.825,0.73,5,-4.007,1,0.11,0.144,0.000884,0.0435,0.77,99.995,4
spotify:track:7D7ZwXf0OsfKV3oX0xhMux,"nooit echt van mij","nooit echt van mij","Idaly",2024-06-27,176000,48,false,,1970-01-01T00:00:00Z,"","Top Notch Music BV",0.874,0.692,1,-7.703,1,0.142,0.235,0.0000466,0.148,0.464,105.005,4
spotify:track:5NNcU38EVLajKZbYydu6tR,"Niet Genoeg (feat. Idaly)","Knock Knock 4","CHO;Idaly",2023-10-27,147116,57,true,,1970-01-01T00:00:00Z,"","WM Benelux BV",0.852,0.575,4,-8.366,1,0.29,0.269,0,0.111,0.709,92.958,4
spotify:track:0YjXevB90M9K34TOx4q02S,"Summer Love","Summer Love","Zoë Tauran;Frenna",2025-05-16,155937,38,true,,1970-01-01T00:00:00Z,"nederpop,hollands","Universal Music, a division of Universal International Music BV",0.702,0.687,7,-4.291,0,0.0468,0.066,0.00000882,0.0969,0.874,96.05,4
spotify:track:5r6Kr8iW9ETUSlQLw44tIr,"GIRLS WANNA HAVE FUN","PINK SUMMER","Frenna",2024-07-19,208471,0,false,,1970-01-01T00:00:00Z,"","Top Notch Music BV",0.879,0.621,1,-5.8,1,0.0883,0.234,0.00022,0.117,0.475,111.995,4
spotify:track:2XmZI4dnQhLlt9imUoAnFc,"Body","Body","JoeyAK;Spanker;Idaly;CHO",2024-09-13,156935,44,true,,1970-01-01T00:00:00Z,"","MPG Music",0.78,0.595,6,-6.237,0,0.32,0.169,0.0000308,0.202,0.601,92.999,4
spotify:track:1Cbl3Yq8rHo7hhDQmLQagU,"PUSH 2 START","TYLA +","Tyla",2024-10-11,156825,83,false,,1970-01-01T00:00:00Z,"afrobeats","FAX Records/Epic",0.683,0.814,2,-3.505,1,0.0466,0.277,0.00826,0.0858,0.758,93.482,4
spotify:track:0tXWXoA85Veo0kiyjsrpOy,"House On Fire","House On Fire","L.zwo",2024-11-22,261677,51,false,,1970-01-01T00:00:00Z,"hard house,bounce,techno","Polyamor Records",0.701,0.996,2,-4.652,1,0.0847,0.00473,0.332,0.119,0.484,154.992,4
spotify:track:0yKN9B3jYONUyvqrGkNUPX,"One Night Of Love","One Night Of Love","Marlon Hoffstadt",2025-03-07,211862,55,false,,1970-01-01T00:00:00Z,"hard house,eurodance,trance,techno","Columbia Local",0.524,0.901,5,-5.451,0,0.0368,0.1,0.193,0.181,0.313,144.996,4
spotify:track:4Fp3p14zeLSGF3MLAjSBUH,"Keep It Simple","Keep It Simple","Prunk;Rona Ray",2023-03-17,184781,0,false,,1970-01-01T00:00:00Z,"house,lo-fi house,tech house,nu disco","Defected Records",0.76,0.724,0,-5.65,1,0.0633,0.000998,0.000781,0.118,0.562,125.988,4
spotify:track:3pN1lUACckD0PTkFzpxEpu,"Hotel","Hotel","Russo;Matthy",2025-01-31,169756,56,false,,1970-01-01T00:00:00Z,"nederpop,hollands","Van De Watermakers",0.786,0.798,1,-6.177,1,0.0442,0.116,0,0.0741,0.896,123.066,4
